db_row,date,weekday,slot,node_name,winner,legacy_people,battle_count,unified_or_constraint,banquet,tax_days,holding_days,release_date,calculation_status
16,2025-08-21,木,3A,北部大農場,RaиkSS,,4,,宴会,2,2,2025-08-23,resolved
16,2025-08-21,木,2A,トロル防御基地,AlmaVivaJP,,4,-,-,2,3,2025-08-24,resolved
16,2025-08-21,木,2B,隠された修道院,PONYTAIL,,5,-,-,2,1,2025-08-22,resolved
16,2025-08-21,木,2C,マルニの第2実験場,TheUniverse,,2,-,-,2,7,2025-08-28,resolved
16,2025-08-21,木,1A,アグリス平原,C0BRA,,5,統一,宴会,2,7,2025-08-28,resolved
16,2025-08-21,木,1B,リンチ農場廃墟,Anino,,2,-,-,2,1,2025-08-22,resolved
16,2025-08-21,木,1C,ブレディー砦,SkyCastle,,3,-,-,2,4,2025-08-25,resolved
16,2025-08-21,木,1D,エントの森,TipsyTavern,,3,-,-,2,7,2025-08-28,resolved
16,2025-08-21,木,1E,クリオ村,UnityJP,,3,-,-,2,3,2025-08-24,resolved
17,2025-08-22,金,3A,アグリス祭壇,PONYTAIL,,5,,-,3,1,2025-08-23,resolved
17,2025-08-22,金,2A,ナーガ抽出場,MystSA,,2,-,-,3,2,2025-08-24,resolved
17,2025-08-22,金,2B,オークキャンプ,Anino,,3,-,-,3,7,2025-08-29,resolved
17,2025-08-22,金,1A,北部採石場,ひよこ座流星群,,5,-,-,3,7,2025-08-29,resolved
17,2025-08-22,金,1B,ハーピーの絶壁,REGENCY彡,,3,-,-,3,7,2025-08-29,resolved
17,2025-08-22,金,1C,ブリの森,Kopitiam,,3,-,-,3,7,2025-08-29,resolved
17,2025-08-22,金,1D,マンシャの森の奥,Maverickz,,3,-,-,3,7,2025-08-29,resolved
17,2025-08-22,金,1E,廃鉄鉱山採掘場,ーArchー,,3,-,宴会,3,2,2025-08-24,resolved
19,2025-08-24,日,3A,デルニール農場,MystSA,,,,-,5,4,2025-08-28,resolved
19,2025-08-24,日,2A,略奪の森,氣噗噗讓玻璃心碎一地,,,-,-,5,7,2025-08-31,resolved
19,2025-08-24,日,2B,忘却の地,AlmaVivaJP,,,-,-,5,6,2025-08-30,resolved
19,2025-08-24,日,1A,ナーガ沼地,一DEFlANCE,,,統一,-,5,5,2025-08-29,resolved
19,2025-08-24,日,1B,旧ダンデリオン,シェイド,,,統一,-,5,1,2025-08-25,resolved
19,2025-08-24,日,1C,捨てられた地,PokemonGo,,,-,宴会,5,1,2025-08-25,resolved
19,2025-08-24,日,1D,ベア川下流,UnityJP,,,-,-,5,7,2025-08-31,resolved
19,2025-08-24,日,1E,アルティノ入り口,ーArchー,,,-,-,5,7,2025-08-31,resolved
20,2025-08-25,月,3A,ルツム族駐屯地,TRAITORs,,,,-,6,5,2025-08-30,resolved
20,2025-08-25,月,3B,アト農場,ーリベリオンー,,,,-,6,6,2025-08-31,resolved
20,2025-08-25,月,2A,ベリア農場地帯,PokemonGo,,,-,宴会,6,7,2025-09-01,resolved
20,2025-08-25,月,2B,ギュントの丘,VainqueurJP,,,-,-,6,7,2025-09-01,resolved
20,2025-08-25,月,2C,高原地帯,殺戮THM,,,-,-,6,7,2025-09-01,resolved
20,2025-08-25,月,1A,隠遁の森,Restart,,,-,-,6,7,2025-09-01,resolved
20,2025-08-25,月,1B,エワズの丘,一惡人谷一,,,統一,宴会,6,7,2025-09-01,resolved
20,2025-08-25,月,1C,廃城跡入り口,DoraemonSA,,,-,-,6,7,2025-09-01,resolved
20,2025-08-25,月,1D,カイア渡し場,シェイド,,,-,宴会,6,4,2025-08-29,resolved
20,2025-08-25,月,1E,カズラ農場,SkyCastle,,,-,-,6,3,2025-08-28,resolved
23,2025-08-28,木,3A,北部大農場,MystSA,,,,-,5,7,2025-09-04,resolved
23,2025-08-28,木,2A,トロル防御基地,黒の太陽,,,-,-,4,7,2025-09-04,resolved
23,2025-08-28,木,2B,隠された修道院,桜吹雪,,,-,宴会,6,7,2025-09-04,resolved
23,2025-08-28,木,2C,マルニの第2実験場,TheUniverse,,,-,-,0,7,2025-09-04,resolved
23,2025-08-28,木,1A,アグリス平原,Revenant,,,-,-,0,7,2025-09-04,resolved
23,2025-08-28,木,1B,リンチ農場廃墟,xAEGISx,,,統一,-,6,4,2025-09-01,resolved
23,2025-08-28,木,1C,ブレディー砦,SkyCastle,,,-,宴会,3,3,2025-08-31,resolved
23,2025-08-28,木,1D,エントの森,LeLien,,,-,-,0,1,2025-08-29,resolved
23,2025-08-28,木,1E,クリオ村,海尼根飲酒俱樂部,,,-,宴会,4,7,2025-09-04,resolved
24,2025-08-29,金,3A,アグリス祭壇,LeLien,,,,宴会,6,3,2025-09-01,resolved
24,2025-08-29,金,2A,ナーガ抽出場,MÏRÃGË,,,統一,-,5,7,2025-09-05,resolved
24,2025-08-29,金,2B,オークキャンプ,沙漠黑鷹,,,-,-,0,7,2025-09-05,resolved
24,2025-08-29,金,1A,北部採石場,TheEnd,,,-,宴会,0,7,2025-09-05,resolved
24,2025-08-29,金,1B,ハーピーの絶壁,シェイド,,,-,-,0,3,2025-09-01,resolved
24,2025-08-29,金,1C,ブリの森,M三OW,,,統一,-,0,7,2025-09-05,resolved
24,2025-08-29,金,1D,マンシャの森の奥,Maverickz,,,統一,-,0,6,2025-09-04,resolved
24,2025-08-29,金,1E,廃鉄鉱山採掘場,一DEFlANCE,,,統一,-,5,7,2025-09-05,resolved
26,2025-08-31,日,3A,デルニール農場,ーリベリオンー,,,,宴会,3,#N/A,#N/A,pending_or_error
26,2025-08-31,日,2A,略奪の森,氣噗噗讓玻璃心碎一地,,,-,宴会,0,1,2025-09-01,resolved
26,2025-08-31,日,2B,忘却の地,PONYTAIL,,,-,-,1,#N/A,#N/A,pending_or_error
26,2025-08-31,日,1A,ナーガ沼地,SkyCastle,,,-,宴会,2,4,2025-09-04,resolved
26,2025-08-31,日,1B,旧ダンデリオン,PhoenixJP,,,-,-,6,4,2025-09-04,resolved
26,2025-08-31,日,1C,捨てられた地,オアシスステップ,,,-,-,6,5,2025-09-05,resolved
26,2025-08-31,日,1D,ベア川下流,ouтcasт,,,統一,-,0,#N/A,#N/A,pending_or_error
26,2025-08-31,日,1E,アルティノ入り口,ーArchー,,,統一,-,0,#N/A,#N/A,pending_or_error
27,2025-09-01,月,3A,ルツム族駐屯地,廣寒宮,,,,宴会,2,7,2025-09-08,resolved
27,2025-09-01,月,3B,アト農場,LeLien,,,,宴会,1,4,2025-09-05,resolved
27,2025-09-01,月,2A,ベリア農場地帯,氣噗噗讓玻璃心碎一地,,,-,-,0,7,2025-09-08,resolved
27,2025-09-01,月,2B,ギュントの丘,VainqueurJP,,,-,-,0,7,2025-09-08,resolved
27,2025-09-01,月,2C,高原地帯,RaиkSS,,,-,-,0,6,2025-09-07,resolved
27,2025-09-01,月,1A,隠遁の森,Relax,,,-,-,0,7,2025-09-08,resolved
27,2025-09-01,月,1B,エワズの丘,花落微雨醉紅塵,,,-,-,0,7,2025-09-08,resolved
27,2025-09-01,月,1C,廃城跡入り口,xAEGISx,,,-,-,0,3,2025-09-04,resolved
27,2025-09-01,月,1D,カイア渡し場,シェイド,,,-,-,3,7,2025-09-08,resolved
27,2025-09-01,月,1E,カズラ農場,Bagaиі,,,統一,宴会,4,7,2025-09-08,resolved
30,2025-09-04,木,3A,北部大農場,MystSA,,,,-,0,7,2025-09-11,resolved
30,2025-09-04,木,2A,トロル防御基地,xAEGISx,,,統一,宴会,0,3,2025-09-07,resolved
30,2025-09-04,木,2B,隠された修道院,雪狼族,,,-,-,0,4,2025-09-08,resolved
30,2025-09-04,木,2C,マルニの第2実験場,PhoenixJP,,,-,-,0,3,2025-09-07,resolved
30,2025-09-04,木,1A,アグリス平原,βυsнỉȉdo家族,,,統一,-,0,7,2025-09-11,resolved
30,2025-09-04,木,1B,リンチ農場廃墟,一惡人谷一,,,-,宴会,3,7,2025-09-11,resolved
30,2025-09-04,木,1C,ブレディー砦,ねこ,,,統一,-,4,7,2025-09-11,resolved
30,2025-09-04,木,1D,エントの森,SkyCastle,,,-,宴会,6,7,2025-09-11,resolved
30,2025-09-04,木,1E,クリオ村,Maverickz,,,-,-,0,4,2025-09-08,resolved
31,2025-09-05,金,3A,アグリス祭壇,LeLien,,,,-,4,#N/A,#N/A,pending_or_error
31,2025-09-05,金,2A,ナーガ抽出場,Döraêmön,,,-,宴会,0,#N/A,#N/A,pending_or_error
31,2025-09-05,金,2B,オークキャンプ,・殺戮・,,,-,-,0,6,2025-09-11,resolved
31,2025-09-05,金,1A,北部採石場,TheEnd,,,統一,-,0,#N/A,#N/A,pending_or_error
31,2025-09-05,金,1B,ハーピーの絶壁,オアシスステップ,,,-,宴会,4,2,2025-09-07,resolved
31,2025-09-05,金,1C,ブリの森,ーEspoirー,,,-,宴会,0,#N/A,#N/A,pending_or_error
31,2025-09-05,金,1D,マンシャの森の奥,RëBîrth,,,-,-,1,#N/A,#N/A,pending_or_error
31,2025-09-05,金,1E,廃鉄鉱山採掘場,一DEFlANCE,,,-,-,0,#N/A,#N/A,pending_or_error
33,2025-09-07,日,3A,デルニール農場,xAEGISx,,,,-,#N/A,#N/A,#N/A,pending_or_error
33,2025-09-07,日,2A,略奪の森,PokemonGo,,,-,-,6,#N/A,#N/A,pending_or_error
33,2025-09-07,日,2B,忘却の地,RaиkSS,,,-,宴会,#N/A,#N/A,#N/A,pending_or_error
33,2025-09-07,日,1A,ナーガ沼地,亗Luxúria亗,,,統一,-,3,4,2025-09-11,resolved
33,2025-09-07,日,1B,旧ダンデリオン,PhoenixJP,,,統一,-,3,1,2025-09-08,resolved
33,2025-09-07,日,1C,捨てられた地,オアシスステップ,,,統一,-,2,#N/A,#N/A,pending_or_error
33,2025-09-07,日,1D,ベア川下流,Restart,,,-,-,#N/A,#N/A,#N/A,pending_or_error
33,2025-09-07,日,1E,アルティノ入り口,UnityJP,,,-,宴会,#N/A,#N/A,#N/A,pending_or_error
34,2025-09-08,月,3A,ルツム族駐屯地,雪狼族,,,,宴会,0,7,2025-09-15,resolved
34,2025-09-08,月,3B,アト農場,PhoenixJP,,,,-,3,7,2025-09-15,resolved
34,2025-09-08,月,2A,ベリア農場地帯,氣噗噗讓玻璃心碎一地,,,-,宴会,0,7,2025-09-15,resolved
34,2025-09-08,月,2B,ギュントの丘,AlmaVivaJP,,,-,-,0,7,2025-09-15,resolved
34,2025-09-08,月,2C,高原地帯,Maverickz,,,-,-,1,7,2025-09-15,resolved
34,2025-09-08,月,1A,隠遁の森,Relax,,,-,-,0,7,2025-09-15,resolved
34,2025-09-08,月,1B,エワズの丘,花落微雨醉紅塵,,,統一,-,0,7,2025-09-15,resolved
34,2025-09-08,月,1C,廃城跡入り口,天機,,,-,宴会,4,7,2025-09-15,resolved
34,2025-09-08,月,1D,カイア渡し場,シェイド,,,-,宴会,0,3,2025-09-11,resolved
34,2025-09-08,月,1E,カズラ農場,ーArchー,,,-,-,0,6,2025-09-14,resolved
37,2025-09-11,木,3A,北部大農場,MystSA,,,,宴会,0,7,2025-09-18,resolved
37,2025-09-11,木,2A,トロル防御基地,ー麒麟ー,,,-,-,4,7,2025-09-18,resolved
37,2025-09-11,木,2B,隠された修道院,・殺戮・,,,-,-,3,4,2025-09-15,resolved
37,2025-09-11,木,2C,マルニの第2実験場,Иouver,,,-,宴会,4,7,2025-09-18,resolved
37,2025-09-11,木,1A,アグリス平原,亗Luxúria亗,,,-,宴会,0,7,2025-09-18,resolved
37,2025-09-11,木,1B,リンチ農場廃墟,Anino,,,統一,-,0,3,2025-09-14,resolved
37,2025-09-11,木,1C,ブレディー砦,沙漠黑鷹,,,-,-,0,3,2025-09-14,resolved
37,2025-09-11,木,1E,クリオ村,シェイド,,,-,-,3,7,2025-09-18,resolved
38,2025-09-12,金,3A,アグリス祭壇,ーリベリオンー,,,,宴会,#N/A,7,2025-09-19,pending_or_error
38,2025-09-12,金,2A,ナーガ抽出場,VainqueurJP,,,-,-,#N/A,7,2025-09-19,pending_or_error
38,2025-09-12,金,2B,オークキャンプ,SkyCastle,,,-,-,1,7,2025-09-19,resolved
38,2025-09-12,金,1A,北部採石場,桜吹雪,,,-,-,#N/A,6,2025-09-18,pending_or_error
38,2025-09-12,金,1B,ハーピーの絶壁,黒の太陽,,,-,-,5,7,2025-09-19,resolved
38,2025-09-12,金,1C,ブリの森,Kopitiam,,,統一,-,#N/A,7,2025-09-19,pending_or_error
38,2025-09-12,金,1D,マンシャの森の奥,RëBîrth,,,統一,宴会,#N/A,7,2025-09-19,pending_or_error
38,2025-09-12,金,1E,廃鉄鉱山採掘場,一DEFlANCE,,,統一,宴会,#N/A,7,2025-09-19,pending_or_error
40,2025-09-14,日,3A,デルニール農場,沙漠黑鷹,,,,宴会,#N/A,#N/A,#N/A,pending_or_error
40,2025-09-14,日,2A,略奪の森,PokemonGo,,,-,宴会,#N/A,#N/A,#N/A,pending_or_error
40,2025-09-14,日,2B,忘却の地,RaиkSS,,,-,-,#N/A,5,2025-09-19,pending_or_error
40,2025-09-14,日,1A,ナーガ沼地,βυsнỉȉdo家族,,,統一,-,3,#N/A,#N/A,pending_or_error
40,2025-09-14,日,1B,旧ダンデリオン,ーArchー,,,統一,-,6,1,2025-09-15,resolved
40,2025-09-14,日,1C,捨てられた地,Anino,,,-,宴会,#N/A,#N/A,#N/A,pending_or_error
40,2025-09-14,日,1D,ベア川下流,磯野家,,,-,-,#N/A,#N/A,#N/A,pending_or_error
40,2025-09-14,日,1E,アルティノ入り口,MÏRÃGË,,,-,-,#N/A,#N/A,#N/A,pending_or_error
41,2025-09-15,月,3A,ルツム族駐屯地,・殺戮・,,,,宴会,0,6,2025-09-21,resolved
41,2025-09-15,月,3B,アト農場,LeLien,,,,,0,#N/A,#N/A,pending_or_error
41,2025-09-15,月,2A,ベリア農場地帯,PONYTAIL,,,-,宴会,0,3,2025-09-18,resolved
41,2025-09-15,月,2B,ギュントの丘,ーArchー,,,-,-,0,#N/A,#N/A,pending_or_error
41,2025-09-15,月,2C,高原地帯,Maverickz,,,統一,-,0,#N/A,#N/A,pending_or_error
41,2025-09-15,月,1A,隠遁の森,ZirconiA,,,-,-,0,6,2025-09-21,resolved
41,2025-09-15,月,1B,エワズの丘,TheUniverse,,,-,-,0,3,2025-09-18,resolved
41,2025-09-15,月,1C,廃城跡入り口,xAEGISx,,,統一,宴会,0,#N/A,#N/A,pending_or_error
41,2025-09-15,月,1D,カイア渡し場,一惡人谷一,,,-,宴会,4,#N/A,#N/A,pending_or_error
41,2025-09-15,月,1E,カズラ農場,彡MukBANG彡,,,統一,-,1,#N/A,#N/A,pending_or_error
44,2025-09-18,木,3A,北部大農場,PONYTAIL,,,,-,0,7,2025-09-25,resolved
44,2025-09-18,木,2A,トロル防御基地,ー麒麟ー,,,-,-,0,7,2025-09-25,resolved
44,2025-09-18,木,2B,隠された修道院,桜吹雪,,,-,-,3,7,2025-09-25,resolved
44,2025-09-18,木,2C,マルニの第2実験場,雪狼族,,,-,-,0,4,2025-09-22,resolved
44,2025-09-18,木,1A,アグリス平原,亗Luxúria亗,,,-,-,0,7,2025-09-25,resolved
44,2025-09-18,木,1B,リンチ農場廃墟,心晴,,,-,-,4,7,2025-09-25,resolved
44,2025-09-18,木,1C,ブレディー砦,TheUniverse,,,-,宴会,4,7,2025-09-25,resolved
44,2025-09-18,木,1D,エントの森,TipsyTavern,,,統一,-,0,7,2025-09-25,resolved
44,2025-09-18,木,1E,クリオ村,Döraêmön,,,統一,宴会,0,7,2025-09-25,resolved
45,2025-09-19,金,3A,アグリス祭壇,PhoenixJP,,,,-,0,6,2025-09-25,resolved
45,2025-09-19,金,2A,ナーガ抽出場,VainqueurJP,,,-,-,0,3,2025-09-22,resolved
45,2025-09-19,金,2B,オークキャンプ,RaиkSS,,,-,宴会,0,7,2025-09-26,resolved
45,2025-09-19,金,1A,北部採石場,TheEnd,,,統一,宴会,1,3,2025-09-22,resolved
45,2025-09-19,金,1B,ハーピーの絶壁,黒の太陽,,,-,-,0,7,2025-09-26,resolved
45,2025-09-19,金,1C,ブリの森,Kopitiam,,,-,-,0,7,2025-09-26,resolved
45,2025-09-19,金,1D,マンシャの森の奥,RëBîrth,,,-,-,0,7,2025-09-26,resolved
45,2025-09-19,金,1E,廃鉄鉱山採掘場,一DEFlANCE,,,-,-,0,7,2025-09-26,resolved
47,2025-09-21,日,3A,デルニール農場,・殺戮・,,,,宴会,#N/A,#N/A,#N/A,pending_or_error
47,2025-09-21,日,2A,略奪の森,MystSA,,,-,宴会,#N/A,#N/A,#N/A,pending_or_error
47,2025-09-21,日,2B,忘却の地,ZirconiA,,,-,-,2,#N/A,#N/A,pending_or_error
47,2025-09-21,日,1A,ナーガ沼地,βυsнỉȉdo家族,,,統一,-,#N/A,#N/A,#N/A,pending_or_error
47,2025-09-21,日,1B,旧ダンデリオン,シェイド,,,統一,-,6,#N/A,#N/A,pending_or_error
47,2025-09-21,日,1C,捨てられた地,Anino,,,-,宴会,#N/A,#N/A,#N/A,pending_or_error
47,2025-09-21,日,1D,ベア川下流,義勇,,,-,-,#N/A,#N/A,#N/A,pending_or_error
48,2025-09-22,月,3A,ルツム族駐屯地,雪狼族,,,,,1,7,2025-09-29,resolved
48,2025-09-22,月,3B,アト農場,VainqueurJP,,,,,#N/A,7,2025-09-29,pending_or_error
48,2025-09-22,月,2A,ベリア農場地帯,氣噗噗讓玻璃心碎一地,,,,,4,7,2025-09-29,resolved
48,2025-09-22,月,2B,ギュントの丘,ーArchー,,,,,#N/A,7,2025-09-29,pending_or_error
48,2025-09-22,月,2C,高原地帯,TheEnd,,,,,#N/A,7,2025-09-29,pending_or_error
48,2025-09-22,月,1A,隠遁の森,Revenant,,,,,1,7,2025-09-29,resolved
48,2025-09-22,月,1B,エワズの丘,SkyCastle,,,,,4,4,2025-09-26,resolved
48,2025-09-22,月,1C,廃城跡入り口,xAEGISx,,,,,#N/A,7,2025-09-29,pending_or_error
48,2025-09-22,月,1D,カイア渡し場,一惡人谷一,,,,,#N/A,7,2025-09-29,pending_or_error
48,2025-09-22,月,1E,カズラ農場,Restart,,,,,#N/A,3,2025-09-25,pending_or_error
51,2025-09-25,木,3A,北部大農場,PhoenixJP,,,,,0,4,2025-09-29,resolved
51,2025-09-25,木,2A,トロル防御基地,LeLien,,,,,0,7,2025-10-02,resolved
51,2025-09-25,木,2B,隠された修道院,Restart,,,,,0,7,2025-10-02,resolved
51,2025-09-25,木,2C,マルニの第2実験場,Maverickz,,,,,3,1,2025-09-26,resolved
51,2025-09-25,木,1A,アグリス平原,亗Luxúria亗,,,,,0,7,2025-10-02,resolved
51,2025-09-25,木,1B,リンチ農場廃墟,雲淡風輕o,,,,,0,7,2025-10-02,resolved
51,2025-09-25,木,1C,ブレディー砦,MelonEmpire,,,,,0,7,2025-10-02,resolved
51,2025-09-25,木,1D,エントの森,沙漠黑鷹,,,,,0,3,2025-09-28,resolved
51,2025-09-25,木,1E,クリオ村,FLORISTS,,,,,0,7,2025-10-02,resolved
52,2025-09-26,金,3A,アグリス祭壇,ーリベリオンー,,,,,1,#N/A,#N/A,pending_or_error
52,2025-09-26,金,2A,ナーガ抽出場,Maverickz,,,,,4,#N/A,#N/A,pending_or_error
52,2025-09-26,金,1A,北部採石場,磯野家,,,,,4,#N/A,#N/A,pending_or_error
52,2025-09-26,金,1B,ハーピーの絶壁,オアシスステップ,,,,,0,6,2025-10-02,resolved
52,2025-09-26,金,1C,ブリの森,SkyCastle,,,,,0,#N/A,#N/A,pending_or_error
52,2025-09-26,金,1E,廃鉄鉱山採掘場,一DEFlANCE,,,,,0,#N/A,#N/A,pending_or_error
54,2025-09-28,日,3A,デルニール農場,沙漠黑鷹,,,,,#N/A,#N/A,#N/A,pending_or_error
54,2025-09-28,日,2A,略奪の森,Etërnîty,,,,,#N/A,#N/A,#N/A,pending_or_error
54,2025-09-28,日,2B,忘却の地,TheUniverse,,,,,#N/A,#N/A,#N/A,pending_or_error
54,2025-09-28,日,1A,ナーガ沼地,βυsнỉȉdo家族,,,,,#N/A,#N/A,#N/A,pending_or_error
54,2025-09-28,日,1B,旧ダンデリオン,シェイド,,,,,#N/A,4,2025-10-02,pending_or_error
54,2025-09-28,日,1C,捨てられた地,Anino,,,,,#N/A,4,2025-10-02,pending_or_error
54,2025-09-28,日,1D,ベア川下流,義勇,,,,,#N/A,5,2025-10-03,pending_or_error
54,2025-09-28,日,1E,アルティノ入り口,ーEspoirー,,,,,#N/A,#N/A,#N/A,pending_or_error
55,2025-09-29,月,3A,ルツム族駐屯地,PONYTAIL,,,,,0,7,2025-10-06,resolved
55,2025-09-29,月,3B,アト農場,VainqueurJP,,,,,0,7,2025-10-06,resolved
55,2025-09-29,月,2A,ベリア農場地帯,氣噗噗讓玻璃心碎一地,,,,,0,7,2025-10-06,resolved
55,2025-09-29,月,2B,ギュントの丘,PhoenixJP,,,,,0,7,2025-10-06,resolved
55,2025-09-29,月,2C,高原地帯,RaиkSS,,,,,0,3,2025-10-02,resolved
55,2025-09-29,月,1A,隠遁の森,Pandora,,,,,0,7,2025-10-06,resolved
55,2025-09-29,月,1B,エワズの丘,MukBANG,,,,,3,7,2025-10-06,resolved
55,2025-09-29,月,1C,廃城跡入り口,xAEGISx,,,,,0,6,2025-10-05,resolved
55,2025-09-29,月,1D,カイア渡し場,一惡人谷一,,,,,0,7,2025-10-06,resolved
55,2025-09-29,月,1E,カズラ農場,RëBîrth,,,,,4,7,2025-10-06,resolved
58,2025-10-02,木,3A,北部大農場,RaиkSS,,,,,3,7,2025-10-09,resolved
58,2025-10-02,木,2A,トロル防御基地,シェイド,,,,,0,1,2025-10-03,resolved
58,2025-10-02,木,2B,隠された修道院,UprisE,,,,,0,7,2025-10-09,resolved
58,2025-10-02,木,2C,マルニの第2実験場,雪狼族,,,,,6,7,2025-10-09,resolved
58,2025-10-02,木,1A,アグリス平原,亗Luxúria亗,,,,,0,7,2025-10-09,resolved
58,2025-10-02,木,1B,リンチ農場廃墟,オアシスステップ,,,,,0,7,2025-10-09,resolved
58,2025-10-02,木,1C,ブレディー砦,Anino,,,,,0,7,2025-10-09,resolved
58,2025-10-02,木,1D,エントの森,SERENITY,,,,,4,7,2025-10-09,resolved
59,2025-10-03,金,3A,アグリス祭壇,シェイド,,,,,#N/A,7,2025-10-10,pending_or_error
59,2025-10-03,金,2A,ナーガ抽出場,MystSA,,,,,#N/A,7,2025-10-10,pending_or_error
59,2025-10-03,金,2B,オークキャンプ,・殺戮・,,,,,#N/A,3,2025-10-06,pending_or_error
59,2025-10-03,金,1A,北部採石場,義勇,,,,,#N/A,7,2025-10-10,pending_or_error
59,2025-10-03,金,1B,ハーピーの絶壁,毛家村,,,,,1,7,2025-10-10,resolved
59,2025-10-03,金,1C,ブリの森,ZirconiA,,,,,#N/A,7,2025-10-10,pending_or_error
59,2025-10-03,金,1D,マンシャの森の奥,ーArchー,,,,,#N/A,6,2025-10-09,pending_or_error
59,2025-10-03,金,1E,廃鉄鉱山採掘場,Restart,,,,,#N/A,7,2025-10-10,pending_or_error
61,2025-10-05,日,3A,デルニール農場,沙漠黑鷹,,,,,#N/A,#N/A,#N/A,pending_or_error
61,2025-10-05,日,2A,略奪の森,Etërnîty,,,,,#N/A,#N/A,#N/A,pending_or_error
61,2025-10-05,日,2B,忘却の地,Döraêmön,,,,,#N/A,#N/A,#N/A,pending_or_error
61,2025-10-05,日,1A,ナーガ沼地,βυsнỉȉdo家族,,,,,#N/A,#N/A,#N/A,pending_or_error
61,2025-10-05,日,1B,旧ダンデリオン,xAEGISx,,,,,3,4,2025-10-09,resolved
61,2025-10-05,日,1C,捨てられた地,Astrklotho,,,,,3,#N/A,#N/A,pending_or_error
61,2025-10-05,日,1D,ベア川下流,TheEnd,,,,,2,5,2025-10-10,resolved
61,2025-10-05,日,1E,アルティノ入り口,Revenant,,,,,#N/A,#N/A,#N/A,pending_or_error
62,2025-10-06,月,3A,ルツム族駐屯地,PONYTAIL,,,,宴会,0,3,2025-10-09,resolved
62,2025-10-06,月,3B,アト農場,VainqueurJP,,,,,0,7,2025-10-13,resolved
62,2025-10-06,月,2A,ベリア農場地帯,氣噗噗讓玻璃心碎一地,,,,宴会,0,7,2025-10-13,resolved
62,2025-10-06,月,2B,ギュントの丘,AlmaVivaJP,,,-,-,0,7,2025-10-13,resolved
62,2025-10-06,月,2C,高原地帯,・殺戮・,,,-,-,4,4,2025-10-10,resolved
62,2025-10-06,月,1A,隠遁の森,TheUniverse,,,-,宴会,0,7,2025-10-13,resolved
62,2025-10-06,月,1B,エワズの丘,SkyCastle,,,-,-,0,3,2025-10-09,resolved
62,2025-10-06,月,1C,廃城跡入り口,MÏRÃGË,,,統一,-,1,7,2025-10-13,resolved
62,2025-10-06,月,1D,カイア渡し場,ー麒麟ー,,,統一,宴会,0,7,2025-10-13,resolved
62,2025-10-06,月,1E,カズラ農場,ーEspoirー,,,統一,-,0,6,2025-10-12,resolved
65,2025-10-09,木,3A,北部大農場,PONYTAIL,,,,-,0,4,2025-10-13,resolved
65,2025-10-09,木,2A,トロル防御基地,xAEGISx,,,-,-,6,7,2025-10-16,resolved
65,2025-10-09,木,2B,隠された修道院,UprisE,,,統一,-,0,7,2025-10-16,resolved
65,2025-10-09,木,2C,マルニの第2実験場,雪狼族,,,-,宴会,0,7,2025-10-16,resolved
65,2025-10-09,木,1A,アグリス平原,亗Luxúria亗,,,統一,-,0,7,2025-10-16,resolved
65,2025-10-09,木,1B,リンチ農場廃墟,雲淡風輕o,,,-,-,0,7,2025-10-16,resolved
65,2025-10-09,木,1C,ブレディー砦,ーArchー,,,-,宴会,0,1,2025-10-10,resolved
65,2025-10-09,木,1D,エントの森,一DEFlANCE,,,統一,-,0,7,2025-10-16,resolved
65,2025-10-09,木,1E,クリオ村,SkyCastle,,,-,宴会,0,7,2025-10-16,resolved
66,2025-10-10,金,3A,アグリス祭壇,ーリベリオンー,,,,-,0,7,2025-10-17,resolved
66,2025-10-10,金,2A,ナーガ抽出場,MystSA,,,-,-,0,6,2025-10-16,resolved
66,2025-10-10,金,2B,オークキャンプ,・殺戮・,,,-,宴会,4,7,2025-10-17,resolved
66,2025-10-10,金,1A,北部採石場,TheEnd,,,統一,-,0,7,2025-10-17,resolved
66,2025-10-10,金,1B,ハーピーの絶壁,ーArchー,,,-,-,0,3,2025-10-13,resolved
66,2025-10-10,金,1C,ブリの森,一惡人谷一,,,-,-,0,7,2025-10-17,resolved
66,2025-10-10,金,1D,マンシャの森の奥,RëBîrth,,,-,-,1,7,2025-10-17,resolved
66,2025-10-10,金,1E,廃鉄鉱山採掘場,Restart,,,-,-,0,3,2025-10-13,resolved
68,2025-10-12,日,3A,デルニール農場,毛家村,,,,-,#N/A,#N/A,#N/A,pending_or_error
68,2025-10-12,日,2A,略奪の森,Anino,,,-,-,#N/A,#N/A,#N/A,pending_or_error
68,2025-10-12,日,2B,忘却の地,PokemonGo,,,-,-,#N/A,#N/A,#N/A,pending_or_error
68,2025-10-12,日,1A,ナーガ沼地,βυsнỉȉdo家族,,,統一,-,#N/A,#N/A,#N/A,pending_or_error
68,2025-10-12,日,1B,旧ダンデリオン,ーEspoirー,,,-,-,3,4,2025-10-16,resolved
68,2025-10-12,日,1C,捨てられた地,オアシスステップ,,,-,-,#N/A,#N/A,#N/A,pending_or_error
68,2025-10-12,日,1D,ベア川下流,RaиkSS,,,-,宴会,2,1,2025-10-13,resolved
68,2025-10-12,日,1E,アルティノ入り口,UnityJP,,,-,-,#N/A,#N/A,#N/A,pending_or_error
69,2025-10-13,月,3A,ルツム族駐屯地,PONYTAIL,,,,-,4,7,2025-10-20,resolved
69,2025-10-13,月,3B,アト農場,VainqueurJP,,,,,0,7,2025-10-20,resolved
69,2025-10-13,月,2A,ベリア農場地帯,氣噗噗讓玻璃心碎一地,,,統一,-,0,7,2025-10-20,resolved
69,2025-10-13,月,2B,ギュントの丘,RaиkSS,,,-,-,0,3,2025-10-16,resolved
69,2025-10-13,月,2C,高原地帯,海洋之心,,,-,-,3,7,2025-10-20,resolved
69,2025-10-13,月,1A,隠遁の森,PARMESAN,,,統一,-,0,7,2025-10-20,resolved
69,2025-10-13,月,1B,エワズの丘,彡MukBANG彡,,,統一,-,4,7,2025-10-20,resolved
69,2025-10-13,月,1C,廃城跡入り口,LeLien,,,-,宴会,0,4,2025-10-17,resolved
69,2025-10-13,月,1D,カイア渡し場,ーArchー,,,-,-,0,7,2025-10-20,resolved
69,2025-10-13,月,1E,カズラ農場,Restart,,,-,-,1,7,2025-10-20,resolved
72,2025-10-16,木,3A,北部大農場,RaиkSS,,,,宴会,3,7,2025-10-23,resolved
72,2025-10-16,木,2A,トロル防御基地,ー麒麟ー,,,-,-,0,7,2025-10-23,resolved
72,2025-10-16,木,2B,隠された修道院,義勇,,,-,宴会,0,7,2025-10-23,resolved
72,2025-10-16,木,2C,マルニの第2実験場,MystSA,,,-,-,0,7,2025-10-23,resolved
72,2025-10-16,木,1A,アグリス平原,亗Luxúria亗,,,-,-,0,7,2025-10-23,resolved
72,2025-10-16,木,1B,リンチ農場廃墟,雲淡風輕o,,,-,宴会,0,7,2025-10-23,resolved
72,2025-10-16,木,1C,ブレディー砦,kaioken,,,統一,-,6,7,2025-10-23,resolved
72,2025-10-16,木,1D,エントの森,ーEspoirー,,,-,宴会,0,7,2025-10-23,resolved
72,2025-10-16,木,1E,クリオ村,MÏRÃGË,,,統一,-,0,7,2025-10-23,resolved
73,2025-10-17,金,3A,アグリス祭壇,LeLien,,,,宴会,0,7,2025-10-24,resolved
73,2025-10-17,金,2A,ナーガ抽出場,東京熱株式會社,,,-,宴会,1,7,2025-10-24,resolved
73,2025-10-17,金,2B,オークキャンプ,・殺戮・,,,-,-,0,3,2025-10-20,resolved
73,2025-10-17,金,1B,ハーピーの絶壁,Etërnîty,,,-,宴会,4,7,2025-10-24,resolved
73,2025-10-17,金,1C,ブリの森,一惡人谷一,,,統一,-,0,7,2025-10-24,resolved
73,2025-10-17,金,1D,マンシャの森の奥,TheUniverse,,,-,-,0,7,2025-10-24,resolved
73,2025-10-17,金,1E,廃鉄鉱山採掘場,桜吹雪,,,統一,-,4,7,2025-10-24,resolved
75,2025-10-19,日,3A,デルニール農場,沙漠黑鷹,,,,-,#N/A,#N/A,#N/A,pending_or_error
75,2025-10-19,日,2A,略奪の森,Anino,,,-,宴会,#N/A,#N/A,#N/A,pending_or_error
75,2025-10-19,日,2B,忘却の地,PokemonGo,,,-,-,#N/A,#N/A,#N/A,pending_or_error
75,2025-10-19,日,1A,ナーガ沼地,βυsнỉȉdo家族,,,-,宴会,#N/A,#N/A,#N/A,pending_or_error
75,2025-10-19,日,1B,旧ダンデリオン,シェイド,,,-,-,3,1,2025-10-20,resolved
75,2025-10-19,日,1C,捨てられた地,Relax,,,-,宴会,#N/A,#N/A,#N/A,pending_or_error
75,2025-10-19,日,1D,ベア川下流,柿一門,,,-,-,6,#N/A,#N/A,pending_or_error
75,2025-10-19,日,1E,アルティノ入り口,Döraêmön,,,統一,-,#N/A,#N/A,#N/A,pending_or_error
76,2025-10-20,月,3A,ルツム族駐屯地,PONYTAIL,,,,宴会,0,7,2025-10-27,resolved
76,2025-10-20,月,3B,アト農場,VainqueurJP,,,,-,0,7,2025-10-27,resolved
76,2025-10-20,月,2A,ベリア農場地帯,氣噗噗讓玻璃心碎一地,,,-,-,0,7,2025-10-27,resolved
76,2025-10-20,月,2B,ギュントの丘,・殺戮・,,,-,宴会,4,7,2025-10-27,resolved
76,2025-10-20,月,2C,高原地帯,雪狼族,,,-,-,0,7,2025-10-27,resolved
76,2025-10-20,月,1A,隠遁の森,Revenant,,,-,-,0,7,2025-10-27,resolved
76,2025-10-20,月,1B,エワズの丘,彡MukBANG彡,,,-,宴会,0,7,2025-10-27,resolved
76,2025-10-20,月,1C,廃城跡入り口,Demise,,,統一,-,3,7,2025-10-27,resolved
76,2025-10-20,月,1D,カイア渡し場,シェイド,,,統一,-,0,7,2025-10-27,resolved
76,2025-10-20,月,1E,カズラ農場,Restart,,,-,宴会,0,7,2025-10-27,resolved
79,2025-10-23,木,3A,北部大農場,RaиkSS,,,,-,0,7,2025-10-30,resolved
79,2025-10-23,木,2A,トロル防御基地,FLORISTS,,,-,宴会,0,1,2025-10-24,resolved
79,2025-10-23,木,2B,隠された修道院,義勇,,,-,-,0,7,2025-10-30,resolved
79,2025-10-23,木,2C,マルニの第2実験場,MystSA,,,統一,-,0,7,2025-10-30,resolved
79,2025-10-23,木,1A,アグリス平原,亗Luxúria亗,,,-,宴会,0,7,2025-10-30,resolved
79,2025-10-23,木,1B,リンチ農場廃墟,雲淡風輕o,,,統一,-,0,7,2025-10-30,resolved
79,2025-10-23,木,1C,ブレディー砦,Maverickz,,,-,-,0,4,2025-10-27,resolved
79,2025-10-23,木,1D,エントの森,ーEspoirー,,,統一,-,0,1,2025-10-24,resolved
79,2025-10-23,木,1E,クリオ村,ーArchー,,,-,-,0,4,2025-10-27,resolved
80,2025-10-24,金,3A,アグリス祭壇,FLORISTS,,,,-,0,7,2025-10-31,resolved
80,2025-10-24,金,2A,ナーガ抽出場,東京熱株式會社,,,-,-,0,7,2025-10-31,resolved
80,2025-10-24,金,2B,オークキャンプ,毛家村,,,-,-,4,7,2025-10-31,resolved
80,2025-10-24,金,1A,北部採石場,月下の集い,,,-,-,0,7,2025-10-31,resolved
80,2025-10-24,金,1B,ハーピーの絶壁,オアシスステップ,,,統一,-,0,2,2025-10-26,resolved
80,2025-10-24,金,1C,ブリの森,一惡人谷一,,,-,宴会,0,7,2025-10-31,resolved
80,2025-10-24,金,1D,マンシャの森の奥,TheUniverse,,,統一,-,0,7,2025-10-31,resolved
80,2025-10-24,金,1E,廃鉄鉱山採掘場,ーEspoirー,,,-,宴会,0,6,2025-10-30,resolved
82,2025-10-26,日,3A,デルニール農場,沙漠黑鷹,,,,宴会,#N/A,#N/A,#N/A,pending_or_error
82,2025-10-26,日,2A,略奪の森,PhoenixJP,,,-,-,#N/A,5,2025-10-31,pending_or_error
82,2025-10-26,日,2B,忘却の地,PokemonGo,,,-,宴会,#N/A,#N/A,#N/A,pending_or_error
82,2025-10-26,日,1A,ナーガ沼地,βυsнỉȉdo家族,,,-,-,#N/A,#N/A,#N/A,pending_or_error
82,2025-10-26,日,1B,旧ダンデリオン,Astrklotho,,,-,-,6,#N/A,#N/A,pending_or_error
82,2025-10-26,日,1C,捨てられた地,オアシスステップ,,,-,-,#N/A,5,2025-10-31,pending_or_error
82,2025-10-26,日,1D,ベア川下流,海尼根飲酒俱樂部,,,統一,-,#N/A,#N/A,#N/A,pending_or_error
82,2025-10-26,日,1E,アルティノ入り口,UnityJP,,,-,宴会,#N/A,#N/A,#N/A,pending_or_error
83,2025-10-27,月,3A,ルツム族駐屯地,PONYTAIL,,,,-,0,7,2025-11-03,resolved
83,2025-10-27,月,3B,アト農場,VainqueurJP,,,,宴会,0,7,2025-11-03,resolved
83,2025-10-27,月,2A,ベリア農場地帯,氣噗噗讓玻璃心碎一地,,,-,宴会,0,7,2025-11-03,resolved
83,2025-10-27,月,2B,ギュントの丘,・殺戮・,,,-,-,0,6,2025-11-02,resolved
83,2025-10-27,月,2C,高原地帯,Maverickz,,,,,0,7,2025-11-03,resolved
83,2025-10-27,月,1A,隠遁の森,Pandora,,,-,宴会,0,7,2025-11-03,resolved
83,2025-10-27,月,1B,エワズの丘,SkyCastle,,,-,-,0,7,2025-11-03,resolved
83,2025-10-27,月,1C,廃城跡入り口,Anino,,,-,-,0,6,2025-11-02,resolved
83,2025-10-27,月,1D,カイア渡し場,ーArchー,,,-,宴会,0,7,2025-11-03,resolved
83,2025-10-27,月,1E,カズラ農場,Иouver,,,統一,-,0,4,2025-10-31,resolved
86,2025-10-30,木,3A,北部大農場,RaиkSS,,,,宴会,0,7,2025-11-06,resolved
86,2025-10-30,木,2A,トロル防御基地,雪狼族,,,-,-,6,7,2025-11-06,resolved
86,2025-10-30,木,2B,隠された修道院,ZirconiA,,,-,-,0,7,2025-11-06,resolved
86,2025-10-30,木,2C,マルニの第2実験場,MystSA,,,,,0,7,2025-11-06,resolved
86,2025-10-30,木,1A,アグリス平原,亗Luxúria亗,,,-,-,0,7,2025-11-06,resolved
86,2025-10-30,木,1B,リンチ農場廃墟,雲淡風輕o,,,-,-,0,7,2025-11-06,resolved
86,2025-10-30,木,1C,ブレディー砦,Döraêmön,,,統一,-,3,4,2025-11-03,resolved
86,2025-10-30,木,1D,エントの森,ーEspoirー,,,-,-,6,3,2025-11-02,resolved
86,2025-10-30,木,1E,クリオ村,天機,,,-,-,3,7,2025-11-06,resolved
87,2025-10-31,金,3A,アグリス祭壇,ーリベリオンー,,,,-,0,7,2025-11-07,resolved
87,2025-10-31,金,2A,ナーガ抽出場,PhoenixJP,,,-,-,0,7,2025-11-07,resolved
87,2025-10-31,金,2B,オークキャンプ,毛家村,,,統一,宴会,0,7,2025-11-07,resolved
87,2025-10-31,金,1A,北部採石場,TheEnd,,,統一,-,0,7,2025-11-07,resolved
87,2025-10-31,金,1B,ハーピーの絶壁,オアシスステップ,,,-,-,5,7,2025-11-07,resolved
87,2025-10-31,金,1C,ブリの森,一惡人谷一,,,-,-,0,7,2025-11-07,resolved
87,2025-10-31,金,1D,マンシャの森の奥,TheUniverse,,,-,宴会,0,7,2025-11-07,resolved
87,2025-10-31,金,1E,廃鉄鉱山採掘場,Иouver,,,-,-,1,7,2025-11-07,resolved
89,2025-11-02,日,3A,デルニール農場,・殺戮・,,,,-,#N/A,4,2025-11-06,pending_or_error
89,2025-11-02,日,2A,略奪の森,AlmaVivaJP,,,-,-,2,#N/A,#N/A,pending_or_error
89,2025-11-02,日,2B,忘却の地,TRAITORs,,,-,-,#N/A,#N/A,#N/A,pending_or_error
89,2025-11-02,日,1A,ナーガ沼地,彡MukBANG彡,,,統一,-,#N/A,#N/A,#N/A,pending_or_error
89,2025-11-02,日,1B,旧ダンデリオン,ーEspoirー,,,統一,宴会,#N/A,4,2025-11-06,pending_or_error
89,2025-11-02,日,1C,捨てられた地,Anino,,,統一,-,2,#N/A,#N/A,pending_or_error
89,2025-11-02,日,1D,ベア川下流,磯野家,,,-,宴会,#N/A,#N/A,#N/A,pending_or_error
89,2025-11-02,日,1E,アルティノ入り口,UnityJP,,,-,-,#N/A,1,2025-11-03,pending_or_error
90,2025-11-03,月,3A,ルツム族駐屯地,沙漠黑鷹,,,,-,0,6,2025-11-09,resolved
90,2025-11-03,月,3B,アト農場,VainqueurJP,,,,,0,7,2025-11-10,resolved
90,2025-11-03,月,2A,ベリア農場地帯,氣噗噗讓玻璃心碎一地,,,-,-,0,7,2025-11-10,resolved
90,2025-11-03,月,2B,ギュントの丘,Döraêmön,,,統一,-,1,7,2025-11-10,resolved
90,2025-11-03,月,2C,高原地帯,Maverickz,,,-,-,0,7,2025-11-10,resolved
90,2025-11-03,月,1A,隠遁の森,桜吹雪,,,-,-,0,3,2025-11-06,resolved
90,2025-11-03,月,1B,エワズの丘,SkyCastle,,,統一,-,0,3,2025-11-06,resolved
90,2025-11-03,月,1C,廃城跡入り口,UnityJP,,,-,宴会,1,7,2025-11-10,resolved
90,2025-11-03,月,1D,カイア渡し場,ーArchー,,,-,-,0,3,2025-11-06,resolved
90,2025-11-03,月,1E,カズラ農場,xAEGISx,,,-,-,3,7,2025-11-10,resolved
93,2025-11-06,木,3A,北部大農場,・殺戮・,,,,-,0,7,2025-11-13,resolved
93,2025-11-06,木,2A,トロル防御基地,シェイド,,,-,-,0,7,2025-11-13,resolved
93,2025-11-06,木,2B,隠された修道院,桜吹雪,,,-,宴会,0,7,2025-11-13,resolved
93,2025-11-06,木,2C,マルニの第2実験場,MystSA,,,-,宴会,0,7,2025-11-13,resolved
93,2025-11-06,木,1A,アグリス平原,Restart,,,-,-,0,7,2025-11-13,resolved
93,2025-11-06,木,1B,リンチ農場廃墟,MÏRÃGË,,,統一,-,0,7,2025-11-13,resolved
93,2025-11-06,木,1C,ブレディー砦,SkyCastle,,,-,-,3,4,2025-11-10,resolved
93,2025-11-06,木,1D,エントの森,ーEspoirー,,,-,宴会,4,7,2025-11-13,resolved
93,2025-11-06,木,1E,クリオ村,ーArchー,,,-,宴会,0,7,2025-11-13,resolved
94,2025-11-07,金,3A,アグリス祭壇,LeLien,,,,宴会,0,7,2025-11-14,resolved
94,2025-11-07,金,2A,ナーガ抽出場,PhoenixJP,,,-,宴会,0,6,2025-11-13,resolved
94,2025-11-07,金,2B,オークキャンプ,雪狼族,,,-,-,0,3,2025-11-10,resolved
94,2025-11-07,金,1A,北部採石場,ひよこりあ,,,-,宴会,0,3,2025-11-10,resolved
94,2025-11-07,金,1B,ハーピーの絶壁,オアシスステップ,,,-,宴会,0,7,2025-11-14,resolved
94,2025-11-07,金,1C,ブリの森,一惡人谷一,,,統一,-,0,7,2025-11-14,resolved
94,2025-11-07,金,1D,マンシャの森の奥,TheUniverse,,,統一,-,0,2,2025-11-09,resolved
94,2025-11-07,金,1E,廃鉄鉱山採掘場,亗Luxúria亗,,,統一,-,0,6,2025-11-13,resolved
96,2025-11-09,日,3A,デルニール農場,沙漠黑鷹,,,,宴会,3,#N/A,#N/A,pending_or_error
96,2025-11-09,日,2A,略奪の森,AlmaVivaJP,,,-,-,#N/A,1,2025-11-10,pending_or_error
96,2025-11-09,日,2B,忘却の地,PONYTAIL,,,-,-,#N/A,#N/A,#N/A,pending_or_error
96,2025-11-09,日,1A,ナーガ沼地,βυsнỉȉdo家族,,,-,-,#N/A,#N/A,#N/A,pending_or_error
96,2025-11-09,日,1B,旧ダンデリオン,Astrklotho,,,-,-,3,#N/A,#N/A,pending_or_error
96,2025-11-09,日,1C,捨てられた地,TheUniverse,,,-,宴会,#N/A,5,2025-11-14,pending_or_error
96,2025-11-09,日,1D,ベア川下流,義勇,,,統一,-,#N/A,#N/A,#N/A,pending_or_error
96,2025-11-09,日,1E,アルティノ入り口,Revenant,,,統一,-,6,#N/A,#N/A,pending_or_error
97,2025-11-10,月,3A,ルツム族駐屯地,RaиkSS,,,,宴会,1,7,2025-11-17,resolved
97,2025-11-10,月,3B,アト農場,雪狼族,,,,,0,7,2025-11-17,resolved
97,2025-11-10,月,2A,ベリア農場地帯,AlmaVivaJP,,,-,-,0,7,2025-11-17,resolved
97,2025-11-10,月,2B,ギュントの丘,ーリベリオンー,,,-,宴会,0,7,2025-11-17,resolved
97,2025-11-10,月,2C,高原地帯,Maverickz,,,-,-,0,7,2025-11-17,resolved
97,2025-11-10,月,1A,隠遁の森,Pandora,,,-,-,4,7,2025-11-17,resolved
97,2025-11-10,月,1B,エワズの丘,SkyCastle,,,-,宴会,4,6,2025-11-16,resolved
97,2025-11-10,月,1C,廃城跡入り口,UnityJP,,,統一,-,0,7,2025-11-17,resolved
97,2025-11-10,月,1D,カイア渡し場,ひよこりあ,,,統一,-,4,7,2025-11-17,resolved
97,2025-11-10,月,1E,カズラ農場,xAEGISx,,,-,宴会,0,7,2025-11-17,resolved
100,2025-11-13,木,3A,北部大農場,毛家村,,,,-,0,7,2025-11-20,resolved
100,2025-11-13,木,2A,トロル防御基地,PhoenixJP,,,-,宴会,0,7,2025-11-20,resolved
100,2025-11-13,木,2B,隠された修道院,柿一門,,,-,-,0,7,2025-11-20,resolved
100,2025-11-13,木,2C,マルニの第2実験場,MystSA,,,,,0,7,2025-11-20,resolved
100,2025-11-13,木,1A,アグリス平原,Restart,,,-,-,0,4,2025-11-17,resolved
100,2025-11-13,木,1B,リンチ農場廃墟,雲淡風輕o,,,-,宴会,0,7,2025-11-20,resolved
100,2025-11-13,木,1C,ブレディー砦,彡MukBANG彡,,,-,-,3,7,2025-11-20,resolved
100,2025-11-13,木,1D,エントの森,ーEspoirー,,,統一,-,0,7,2025-11-20,resolved
100,2025-11-13,木,1E,クリオ村,亗Luxúria亗,,,統一,-,0,7,2025-11-20,resolved
101,2025-11-14,金,3A,アグリス祭壇,殺戮THM,,,,-,0,7,2025-11-21,resolved
101,2025-11-14,金,2A,ナーガ抽出場,Döraêmön,,,統一,-,1,7,2025-11-21,resolved
101,2025-11-14,金,2B,オークキャンプ,TheUniverse,,,-,-,4,7,2025-11-21,resolved
101,2025-11-14,金,1A,北部採石場,黒の太陽,,,-,-,4,6,2025-11-20,resolved
101,2025-11-14,金,1B,ハーピーの絶壁,オアシスステップ,,,統一,-,0,7,2025-11-21,resolved
101,2025-11-14,金,1C,ブリの森,一惡人谷一,,,-,宴会,0,7,2025-11-21,resolved
101,2025-11-14,金,1D,マンシャの森の奥,ーArchー,,,-,-,5,7,2025-11-21,resolved
103,2025-11-16,日,3A,デルニール農場,沙漠黑鷹,,,,-,#N/A,#N/A,#N/A,pending_or_error
103,2025-11-16,日,2A,略奪の森,氣噗噗讓玻璃心碎一地,,,-,宴会,6,#N/A,#N/A,pending_or_error
103,2025-11-16,日,2B,忘却の地,TRAITORs,,,-,-,#N/A,#N/A,#N/A,pending_or_error
103,2025-11-16,日,1A,ナーガ沼地,βυsнỉȉdo家族,,,統一,宴会,#N/A,#N/A,#N/A,pending_or_error
103,2025-11-16,日,1B,旧ダンデリオン,Astrklotho,,,-,-,#N/A,4,2025-11-20,pending_or_error
103,2025-11-16,日,1C,捨てられた地,SkyCastle,,,統一,-,2,#N/A,#N/A,pending_or_error
103,2025-11-16,日,1D,ベア川下流,義勇,,,-,-,#N/A,#N/A,#N/A,pending_or_error
103,2025-11-16,日,1E,アルティノ入り口,MÏRÃGË,,,-,-,#N/A,#N/A,#N/A,pending_or_error
104,2025-11-17,月,3A,ルツム族駐屯地,PokemonGo,,,,-,0,7,2025-11-24,resolved
104,2025-11-17,月,3B,アト農場,雪狼族,,,,,0,7,2025-11-24,resolved
104,2025-11-17,月,2A,ベリア農場地帯,AlmaVivaJP,,,-,宴会,0,7,2025-11-24,resolved
104,2025-11-17,月,2B,ギュントの丘,ーリベリオンー,,,-,-,0,7,2025-11-24,resolved
104,2025-11-17,月,2C,高原地帯,Maverickz,,,-,-,0,7,2025-11-24,resolved
104,2025-11-17,月,1A,隠遁の森,Revenant,,,-,宴会,0,7,2025-11-24,resolved
104,2025-11-17,月,1B,エワズの丘,Restart,,,-,-,1,7,2025-11-24,resolved
104,2025-11-17,月,1C,廃城跡入り口,UnityJP,,,-,-,0,7,2025-11-24,resolved
104,2025-11-17,月,1D,カイア渡し場,LeLien,,,-,-,0,7,2025-11-24,resolved
104,2025-11-17,月,1E,カズラ農場,xAEGISx,,,統一,-,0,3,2025-11-20,resolved
107,2025-11-20,木,3A,北部大農場,PONYTAIL,,,,宴会,0,7,2025-11-27,resolved
107,2025-11-20,木,2A,トロル防御基地,Anino,,,統一,-,0,7,2025-11-27,resolved
107,2025-11-20,木,2B,隠された修道院,黒の太陽,,,-,-,0,7,2025-11-27,resolved
107,2025-11-20,木,2C,マルニの第2実験場,MystSA,,,-,-,0,7,2025-11-27,resolved
107,2025-11-20,木,1A,アグリス平原,C0BRA,,,統一,宴会,3,7,2025-11-27,resolved
107,2025-11-20,木,1B,リンチ農場廃墟,xAEGISx,,,-,-,0,1,2025-11-21,resolved
107,2025-11-20,木,1C,ブレディー砦,彡MukBANG彡,,,統一,-,0,7,2025-11-27,resolved
107,2025-11-20,木,1D,エントの森,ーEspoirー,,,-,-,0,1,2025-11-21,resolved
107,2025-11-20,木,1E,クリオ村,Astrklotho,,,-,-,0,7,2025-11-27,resolved
108,2025-11-21,金,3A,アグリス祭壇,・殺戮・,,,,宴会,0,7,2025-11-28,resolved
108,2025-11-21,金,2A,ナーガ抽出場,PhoenixJP,,,-,-,0,3,2025-11-24,resolved
108,2025-11-21,金,2B,オークキャンプ,xAEGISx,,,-,宴会,0,7,2025-11-28,resolved
108,2025-11-21,金,1A,北部採石場,Sangsaka,,,統一,-,1,7,2025-11-28,resolved
108,2025-11-21,金,1B,ハーピーの絶壁,ーEspoirー,,,-,-,0,2,2025-11-23,resolved
108,2025-11-21,金,1C,ブリの森,一惡人谷一,,,-,-,0,7,2025-11-28,resolved
108,2025-11-21,金,1D,マンシャの森の奥,ーArchー,,,-,宴会,0,7,2025-11-28,resolved
108,2025-11-21,金,1E,廃鉄鉱山採掘場,亗Luxúria亗,,,-,-,0,3,2025-11-24,resolved
110,2025-11-23,日,3A,デルニール農場,沙漠黑鷹,,,,-,#N/A,#N/A,#N/A,pending_or_error
110,2025-11-23,日,2A,略奪の森,氣噗噗讓玻璃心碎一地,,,-,-,#N/A,#N/A,#N/A,pending_or_error
110,2025-11-23,日,2B,忘却の地,TRAITORs,,,-,宴会,#N/A,4,2025-11-27,pending_or_error
110,2025-11-23,日,1A,ナーガ沼地,βυsнỉȉdo家族,,,-,-,#N/A,#N/A,#N/A,pending_or_error
110,2025-11-23,日,1B,旧ダンデリオン,ーEspoirー,,,統一,宴会,3,5,2025-11-28,resolved
110,2025-11-23,日,1C,捨てられた地,SkyCastle,,,-,-,#N/A,1,2025-11-24,pending_or_error
110,2025-11-23,日,1D,ベア川下流,義勇,,,統一,宴会,#N/A,#N/A,#N/A,pending_or_error
110,2025-11-23,日,1E,アルティノ入り口,磯野家,,,統一,宴会,#N/A,#N/A,#N/A,pending_or_error
111,2025-11-24,月,3A,ルツム族駐屯地,RaиkSS,,,,宴会,0,7,2025-12-01,resolved
111,2025-11-24,月,3B,アト農場,雪狼族,,,,-,0,7,2025-12-01,resolved
111,2025-11-24,月,2A,ベリア農場地帯,AlmaVivaJP,,,-,-,0,7,2025-12-01,resolved
111,2025-11-24,月,2B,ギュントの丘,PhoenixJP,,,-,宴会,0,7,2025-12-01,resolved
111,2025-11-24,月,2C,高原地帯,Maverickz,,,統一,-,0,3,2025-11-27,resolved
111,2025-11-24,月,1A,隠遁の森,Revenant,,,-,-,0,7,2025-12-01,resolved
111,2025-11-24,月,1B,エワズの丘,SkyCastle,,,統一,-,0,3,2025-11-27,resolved
111,2025-11-24,月,1C,廃城跡入り口,UnityJP,,,-,宴会,0,6,2025-11-30,resolved
111,2025-11-24,月,1D,カイア渡し場,LeLien,,,-,宴会,0,7,2025-12-01,resolved
111,2025-11-24,月,1E,カズラ農場,亗Luxúria亗,,,-,-,4,7,2025-12-01,resolved
114,2025-11-27,木,3A,北部大農場,Maverickz,,,,-,0,7,2025-12-04,resolved
114,2025-11-27,木,2A,トロル防御基地,TRAITORs,,,-,-,0,3,2025-11-30,resolved
114,2025-11-27,木,2B,隠された修道院,黒の太陽,,,-,-,0,7,2025-12-04,resolved
114,2025-11-27,木,2C,マルニの第2実験場,VainqueurJP,,,-,宴会,0,7,2025-12-04,resolved
114,2025-11-27,木,1A,アグリス平原,Restart,,,-,-,0,7,2025-12-04,resolved
114,2025-11-27,木,1B,リンチ農場廃墟,雲淡風輕o,,,統一,-,6,7,2025-12-04,resolved
114,2025-11-27,木,1C,ブレディー砦,彡MukBANG彡,,,-,-,0,7,2025-12-04,resolved
114,2025-11-27,木,1D,エントの森,SkyCastle,,,-,宴会,6,7,2025-12-04,resolved
114,2025-11-27,木,1E,クリオ村,Döraêmön,,,統一,宴会,0,1,2025-11-28,resolved
115,2025-11-28,金,3A,アグリス祭壇,・殺戮・,,,,-,0,7,2025-12-05,resolved
115,2025-11-28,金,2A,ナーガ抽出場,Döraêmön,,,-,宴会,4,3,2025-12-01,resolved
115,2025-11-28,金,2B,オークキャンプ,xAEGISx,,,-,-,0,7,2025-12-05,resolved
115,2025-11-28,金,1A,北部採石場,Pandora,,,-,-,0,7,2025-12-05,resolved
115,2025-11-28,金,1B,ハーピーの絶壁,ーEspoirー,,,-,-,5,3,2025-12-01,resolved
115,2025-11-28,金,1C,ブリの森,一惡人谷一,,,統一,-,0,7,2025-12-05,resolved
115,2025-11-28,金,1D,マンシャの森の奥,ーArchー,,,統一,-,0,7,2025-12-05,resolved
115,2025-11-28,金,1E,廃鉄鉱山採掘場,Anino,,,統一,-,4,7,2025-12-05,resolved
117,2025-11-30,日,3A,デルニール農場,沙漠黑鷹,,,,宴会,#N/A,#N/A,#N/A,pending_or_error
117,2025-11-30,日,2A,略奪の森,氣噗噗讓玻璃心碎一地,,,-,-,#N/A,#N/A,#N/A,pending_or_error
117,2025-11-30,日,2B,忘却の地,TRAITORs,,,-,-,3,#N/A,#N/A,pending_or_error
117,2025-11-30,日,1A,ナーガ沼地,βυsнỉȉdo家族,,,統一,-,#N/A,#N/A,#N/A,pending_or_error
117,2025-11-30,日,1B,旧ダンデリオン,ーリベリオンー,,,-,-,2,#N/A,#N/A,pending_or_error
117,2025-11-30,日,1C,捨てられた地,オアシスステップ,,,-,宴会,6,5,2025-12-05,resolved
117,2025-11-30,日,1D,ベア川下流,桜吹雪,,,-,-,#N/A,4,2025-12-04,pending_or_error
117,2025-11-30,日,1E,アルティノ入り口,UnityJP,,,-,-,#N/A,1,2025-12-01,pending_or_error
118,2025-12-01,月,3A,ルツム族駐屯地,RaиkSS,,,,-,0,3,2025-12-04,resolved
118,2025-12-01,月,3B,アト農場,雪狼族,,,,宴会,0,7,2025-12-08,resolved
118,2025-12-01,月,2A,ベリア農場地帯,PokemonGo,,,-,-,0,7,2025-12-08,resolved
118,2025-12-01,月,2B,ギュントの丘,UnityJP,,,-,-,0,7,2025-12-08,resolved
118,2025-12-01,月,2C,高原地帯,Döraêmön,,,-,宴会,4,7,2025-12-08,resolved
118,2025-12-01,月,1A,隠遁の森,Revenant,,,統一,-,0,7,2025-12-08,resolved
118,2025-12-01,月,1B,エワズの丘,ーEspoirー,,,-,宴会,4,3,2025-12-04,resolved
118,2025-12-01,月,1C,廃城跡入り口,RëBîrth,,,-,-,1,7,2025-12-08,resolved
118,2025-12-01,月,1D,カイア渡し場,ー麒麟ー,,,統一,-,0,7,2025-12-08,resolved
118,2025-12-01,月,1E,カズラ農場,GALAKSI,,,統一,宴会,0,7,2025-12-08,resolved
121,2025-12-04,木,3A,北部大農場,RaиkSS,,,,宴会,0,7,2025-12-11,resolved
121,2025-12-04,木,2A,トロル防御基地,義勇,,,-,-,4,7,2025-12-11,resolved
121,2025-12-04,木,2B,隠された修道院,桜吹雪,,,-,宴会,0,7,2025-12-11,resolved
121,2025-12-04,木,2C,マルニの第2実験場,VainqueurJP,,,,,0,4,2025-12-08,resolved
121,2025-12-04,木,1A,アグリス平原,Restart,,,-,-,0,7,2025-12-11,resolved
121,2025-12-04,木,1B,リンチ農場廃墟,放置無言出入自由,,,-,-,0,7,2025-12-11,resolved
121,2025-12-04,木,1C,ブレディー砦,亗Luxúria亗,,,統一,宴会,0,7,2025-12-11,resolved
121,2025-12-04,木,1D,エントの森,SkyCastle,,,-,-,0,3,2025-12-07,resolved
121,2025-12-04,木,1E,クリオ村,ーEspoirー,,,-,-,6,3,2025-12-07,resolved
122,2025-12-05,金,3A,アグリス祭壇,・殺戮・,,,,-,0,7,2025-12-12,resolved
122,2025-12-05,金,2A,ナーガ抽出場,MystSA,,,-,-,4,3,2025-12-08,resolved
122,2025-12-05,金,2B,オークキャンプ,TheUniverse,,,-,-,0,3,2025-12-08,resolved
122,2025-12-05,金,1A,北部採石場,黄昏のえりしおん,,,-,-,0,7,2025-12-12,resolved
122,2025-12-05,金,1B,ハーピーの絶壁,オアシスステップ,,,統一,宴会,4,2,2025-12-07,resolved
122,2025-12-05,金,1C,ブリの森,一惡人谷一,,,-,-,0,7,2025-12-12,resolved
122,2025-12-05,金,1D,マンシャの森の奥,Maverickz,,,-,-,0,7,2025-12-12,resolved
122,2025-12-05,金,1E,廃鉄鉱山採掘場,ZirconiA,,,-,宴会,0,7,2025-12-12,resolved
124,2025-12-07,日,3A,デルニール農場,沙漠黑鷹,,,,-,#N/A,#N/A,#N/A,pending_or_error
124,2025-12-07,日,2A,略奪の森,氣噗噗讓玻璃心碎一地,,,統一,-,#N/A,#N/A,#N/A,pending_or_error
124,2025-12-07,日,2B,忘却の地,PONYTAIL,,,-,-,#N/A,#N/A,#N/A,pending_or_error
124,2025-12-07,日,1A,ナーガ沼地,SkyCastle,,,-,宴会,#N/A,#N/A,#N/A,pending_or_error
124,2025-12-07,日,1B,旧ダンデリオン,ーリベリオンー,,,-,-,#N/A,#N/A,#N/A,pending_or_error
124,2025-12-07,日,1C,捨てられた地,オアシスステップ,,,統一,-,2,5,2025-12-12,resolved
124,2025-12-07,日,1D,ベア川下流,黒の太陽,,,-,-,3,#N/A,#N/A,pending_or_error
124,2025-12-07,日,1E,アルティノ入り口,ーEspoirー,,,-,-,6,4,2025-12-11,resolved
125,2025-12-08,月,3A,ルツム族駐屯地,VainqueurJP,,,,-,4,3,2025-12-11,resolved
125,2025-12-08,月,3B,アト農場,雪狼族,,,,-,0,7,2025-12-15,resolved
125,2025-12-08,月,2A,ベリア農場地帯,MystSA,,,-,宴会,0,7,2025-12-15,resolved
125,2025-12-08,月,2B,ギュントの丘,UnityJP,,,-,-,0,3,2025-12-11,resolved
125,2025-12-08,月,2C,高原地帯,TheUniverse,,,-,-,0,7,2025-12-15,resolved
125,2025-12-08,月,1A,隠遁の森,Revenant,,,-,宴会,0,7,2025-12-15,resolved
125,2025-12-08,月,1B,エワズの丘,彡MukBANG彡,,,統一,-,4,7,2025-12-15,resolved
125,2025-12-08,月,1C,廃城跡入り口,LeLien,,,-,-,0,6,2025-12-14,resolved
125,2025-12-08,月,1D,カイア渡し場,シェイド,,,-,-,0,7,2025-12-15,resolved
125,2025-12-08,月,1E,カズラ農場,SERENITY,,,-,-,0,7,2025-12-15,resolved
128,2025-12-11,木,3A,北部大農場,VainqueurJP,,,,-,0,7,2025-12-18,resolved
128,2025-12-11,木,2A,トロル防御基地,義勇,,,-,宴会,0,7,2025-12-18,resolved
128,2025-12-11,木,2B,隠された修道院,ひよこりあ,,,-,-,0,7,2025-12-18,resolved
128,2025-12-11,木,2C,マルニの第2実験場,UnityJP,,,-,-,3,1,2025-12-12,resolved
128,2025-12-11,木,1A,アグリス平原,Restart,,,-,-,0,7,2025-12-18,resolved
128,2025-12-11,木,1B,リンチ農場廃墟,Etërnîty,,,統一,宴会,0,7,2025-12-18,resolved
128,2025-12-11,木,1C,ブレディー砦,βυsнỉȉdo家族,,,-,-,0,7,2025-12-18,resolved
128,2025-12-11,木,1D,エントの森,ーEspoirー,,,-,-,4,3,2025-12-14,resolved
128,2025-12-11,木,1E,クリオ村,Döraêmön,,,-,-,4,4,2025-12-15,resolved
129,2025-12-12,金,3A,アグリス祭壇,・殺戮・,,,,宴会,0,7,2025-12-19,resolved
129,2025-12-12,金,2A,ナーガ抽出場,UnityJP,,,-,-,4,7,2025-12-19,resolved
129,2025-12-12,金,2B,オークキャンプ,FLORISTS,,,-,宴会,4,7,2025-12-19,resolved
129,2025-12-12,金,1A,北部採石場,黄昏のえりしおん,,,-,-,0,7,2025-12-19,resolved
129,2025-12-12,金,1B,ハーピーの絶壁,オアシスステップ,,,-,-,5,7,2025-12-19,resolved
129,2025-12-12,金,1C,ブリの森,一惡人谷一,,,統一,宴会,0,7,2025-12-19,resolved
129,2025-12-12,金,1D,マンシャの森の奥,Maverickz,,,統一,-,0,7,2025-12-19,resolved
129,2025-12-12,金,1E,廃鉄鉱山採掘場,亗Luxúria亗,,,統一,-,0,7,2025-12-19,resolved
131,2025-12-14,日,3A,デルニール農場,沙漠黑鷹,,,,宴会,#N/A,#N/A,#N/A,pending_or_error
131,2025-12-14,日,2A,略奪の森,氣噗噗讓玻璃心碎一地,,,-,-,#N/A,#N/A,#N/A,pending_or_error
131,2025-12-14,日,2B,忘却の地,PONYTAIL,,,統一,-,#N/A,#N/A,#N/A,pending_or_error
131,2025-12-14,日,1A,ナーガ沼地,SkyCastle,,,-,-,#N/A,#N/A,#N/A,pending_or_error
131,2025-12-14,日,1B,旧ダンデリオン,ーリベリオンー,,,-,宴会,#N/A,4,2025-12-18,pending_or_error
131,2025-12-14,日,1C,捨てられた地,ーEspoirー,,,-,-,2,#N/A,#N/A,pending_or_error
131,2025-12-14,日,1D,ベア川下流,LeLien,,,統一,宴会,#N/A,#N/A,#N/A,pending_or_error
131,2025-12-14,日,1E,アルティノ入り口,RëBîrth,,,統一,宴会,3,#N/A,#N/A,pending_or_error
132,2025-12-15,月,3A,ルツム族駐屯地,RaиkSS,,,,宴会,4,7,2025-12-22,resolved
132,2025-12-15,月,3B,アト農場,雪狼族,,,,宴会,0,7,2025-12-22,resolved
132,2025-12-15,月,2A,ベリア農場地帯,MystSA,,,-,-,0,4,2025-12-19,resolved
132,2025-12-15,月,2B,ギュントの丘,PhoenixJP,,,-,-,4,7,2025-12-22,resolved
132,2025-12-15,月,2C,高原地帯,TheUniverse,,,-,-,0,4,2025-12-19,resolved
132,2025-12-15,月,1A,隠遁の森,Revenant,,,-,-,0,7,2025-12-22,resolved
132,2025-12-15,月,1B,エワズの丘,彡MukBANG彡,,,-,宴会,0,7,2025-12-22,resolved
132,2025-12-15,月,1C,廃城跡入り口,Döraêmön,,,統一,宴会,1,7,2025-12-22,resolved
132,2025-12-15,月,1D,カイア渡し場,ー麒麟ー,,,-,宴会,0,7,2025-12-22,resolved
132,2025-12-15,月,1E,カズラ農場,C0BRA,,,統一,-,0,7,2025-12-22,resolved
135,2025-12-18,木,3A,北部大農場,VainqueurJP,,,,-,0,7,2025-12-25,resolved
135,2025-12-18,木,2A,トロル防御基地,ーリベリオンー,,,-,-,0,4,2025-12-22,resolved
135,2025-12-18,木,2B,隠された修道院,ZirconiA,,,統一,-,0,7,2025-12-25,resolved
135,2025-12-18,木,2C,マルニの第2実験場,温柔郷,,,,,6,7,2025-12-25,resolved
135,2025-12-18,木,1A,アグリス平原,Restart,,,-,宴会,0,3,2025-12-21,resolved
135,2025-12-18,木,1B,リンチ農場廃墟,黒の太陽,,,-,-,0,7,2025-12-25,resolved
135,2025-12-18,木,1C,ブレディー砦,βυsнỉȉdo家族,,,-,-,0,7,2025-12-25,resolved
135,2025-12-18,木,1D,エントの森,Иouver,,,統一,-,4,7,2025-12-25,resolved
135,2025-12-18,木,1E,クリオ村,ーArchー,,,-,宴会,3,1,2025-12-19,resolved
136,2025-12-19,金,3A,アグリス祭壇,・殺戮・,,,,-,0,7,2025-12-26,resolved
136,2025-12-19,金,2A,ナーガ抽出場,MystSA,,,-,宴会,0,7,2025-12-26,resolved
136,2025-12-19,金,2B,オークキャンプ,TheUniverse,,,-,-,0,3,2025-12-22,resolved
136,2025-12-19,金,1A,北部採石場,黄昏のえりしおん,,,統一,-,0,2,2025-12-21,resolved
136,2025-12-19,金,1B,ハーピーの絶壁,オアシスステップ,,,-,-,0,2,2025-12-21,resolved
136,2025-12-19,金,1C,ブリの森,一惡人谷一,,,-,-,0,7,2025-12-26,resolved
136,2025-12-19,金,1D,マンシャの森の奥,ーArchー,,,-,宴会,0,7,2025-12-26,resolved
136,2025-12-19,金,1E,廃鉄鉱山採掘場,亗Luxúria亗,,,-,-,0,7,2025-12-26,resolved
138,2025-12-21,日,3A,デルニール農場,沙漠黑鷹,,,,-,#N/A,#N/A,#N/A,pending_or_error
138,2025-12-21,日,2A,略奪の森,氣噗噗讓玻璃心碎一地,,,-,-,#N/A,#N/A,#N/A,pending_or_error
138,2025-12-21,日,2B,忘却の地,AlmaVivaJP,,,-,宴会,#N/A,#N/A,#N/A,pending_or_error
138,2025-12-21,日,1A,ナーガ沼地,SkyCastle,,,統一,-,#N/A,#N/A,#N/A,pending_or_error
138,2025-12-21,日,1B,旧ダンデリオン,Restart,,,統一,-,3,4,2025-12-25,resolved
138,2025-12-21,日,1C,捨てられた地,オアシスステップ,,,-,宴会,#N/A,#N/A,#N/A,pending_or_error
138,2025-12-21,日,1D,ベア川下流,LeLien,,,-,-,#N/A,1,2025-12-22,pending_or_error
138,2025-12-21,日,1E,アルティノ入り口,黄昏のえりしおん,,,-,-,#N/A,#N/A,#N/A,pending_or_error
139,2025-12-22,月,3A,ルツム族駐屯地,RaиkSS,,,,-,0,3,2025-12-25,resolved
139,2025-12-22,月,3B,アト農場,雪狼族,,,,-,0,7,2025-12-29,resolved
139,2025-12-22,月,2A,ベリア農場地帯,PokemonGo,,,統一,-,3,7,2025-12-29,resolved
139,2025-12-22,月,2B,ギュントの丘,ーリベリオンー,,,-,宴会,0,3,2025-12-25,resolved
139,2025-12-22,月,2C,高原地帯,TheUniverse,,,-,宴会,3,7,2025-12-29,resolved
139,2025-12-22,月,1A,隠遁の森,RëBîrth,,,統一,-,0,7,2025-12-29,resolved
139,2025-12-22,月,1B,エワズの丘,彡MukBANG彡,,,-,-,0,7,2025-12-29,resolved
139,2025-12-22,月,1C,廃城跡入り口,LeLien,,,-,-,0,7,2025-12-29,resolved
139,2025-12-22,月,1D,カイア渡し場,シェイド,,,統一,-,0,7,2025-12-29,resolved
139,2025-12-22,月,1E,カズラ農場,Bagaиі,,,-,宴会,0,7,2025-12-29,resolved
142,2025-12-25,木,3A,北部大農場,RaиkSS,,,,宴会,0,7,2026-01-01,resolved
142,2025-12-25,木,2A,トロル防御基地,ーリベリオンー,,,-,-,3,4,2025-12-29,resolved
142,2025-12-25,木,2B,隠された修道院,Restart,,,-,-,0,1,2025-12-26,resolved
142,2025-12-25,木,2C,マルニの第2実験場,微笑Party,,,-,-,0,7,2026-01-01,resolved
142,2025-12-25,木,1A,アグリス平原,Revenant,,,-,-,4,3,2025-12-28,resolved
142,2025-12-25,木,1B,リンチ農場廃墟,xAEGISx,,,-,宴会,0,7,2026-01-01,resolved
142,2025-12-25,木,1C,ブレディー砦,βυsнỉȉdo家族,,,統一,-,0,7,2026-01-01,resolved
142,2025-12-25,木,1D,エントの森,ーEspoirー,,,-,宴会,0,3,2025-12-28,resolved
142,2025-12-25,木,1E,クリオ村,PhoenixJP,,,-,-,6,7,2026-01-01,resolved
143,2025-12-26,金,3A,アグリス祭壇,・殺戮・,,,,宴会,0,7,2026-01-02,resolved
143,2025-12-26,金,2A,ナーガ抽出場,MystSA,,,-,-,0,7,2026-01-02,resolved
143,2025-12-26,金,2B,オークキャンプ,Restart,,,-,-,4,7,2026-01-02,resolved
143,2025-12-26,金,1A,北部採石場,ZirconiA,,,-,宴会,5,7,2026-01-02,resolved
143,2025-12-26,金,1B,ハーピーの絶壁,ー麒麟ー,,,統一,宴会,5,7,2026-01-02,resolved
143,2025-12-26,金,1C,ブリの森,一惡人谷一,,,-,-,0,7,2026-01-02,resolved
143,2025-12-26,金,1D,マンシャの森の奥,ーArchー,,,統一,-,0,6,2026-01-01,resolved
143,2025-12-26,金,1E,廃鉄鉱山採掘場,亗Luxúria亗,,,-,-,0,7,2026-01-02,resolved
145,2025-12-28,日,3A,デルニール農場,沙漠黑鷹,,,,,#N/A,#N/A,#N/A,pending_or_error
145,2025-12-28,日,2A,略奪の森,氣噗噗讓玻璃心碎一地,,,,,#N/A,#N/A,#N/A,pending_or_error
145,2025-12-28,日,2B,忘却の地,PONYTAIL,,,,,#N/A,#N/A,#N/A,pending_or_error
145,2025-12-28,日,1A,ナーガ沼地,SkyCastle,,,,,#N/A,#N/A,#N/A,pending_or_error
145,2025-12-28,日,1B,旧ダンデリオン,UnityJP,,,,,3,4,2026-01-01,resolved
145,2025-12-28,日,1C,捨てられた地,ーEspoirー,,,,,#N/A,#N/A,#N/A,pending_or_error
145,2025-12-28,日,1D,ベア川下流,義勇,,,,,6,#N/A,#N/A,pending_or_error
145,2025-12-28,日,1E,アルティノ入り口,Revenant,,,,,#N/A,#N/A,#N/A,pending_or_error
146,2025-12-29,月,3A,ルツム族駐屯地,雲淡風輕o,,,,宴会,4,7,2026-01-05,resolved
146,2025-12-29,月,3B,アト農場,雪狼族,,,,,0,7,2026-01-05,resolved
146,2025-12-29,月,2A,ベリア農場地帯,柿一門,,,統一,-,0,7,2026-01-05,resolved
146,2025-12-29,月,2B,ギュントの丘,ーリベリオンー,,,-,-,4,7,2026-01-05,resolved
146,2025-12-29,月,2C,高原地帯,TheUniverse,,,-,-,0,3,2026-01-01,resolved
146,2025-12-29,月,1A,隠遁の森,RëBîrth,,,統一,宴会,0,7,2026-01-05,resolved
146,2025-12-29,月,1B,エワズの丘,彡MukBANG彡,,,-,-,0,7,2026-01-05,resolved
146,2025-12-29,月,1C,廃城跡入り口,LeLien,,,-,-,0,7,2026-01-05,resolved
146,2025-12-29,月,1D,カイア渡し場,FLORISTS,,,統一,-,0,7,2026-01-05,resolved
146,2025-12-29,月,1E,カズラ農場,C0BRA,,,統一,-,0,7,2026-01-05,resolved
149,2026-01-01,木,3A,北部大農場,TheUniverse,,,,-,0,7,2026-01-08,resolved
149,2026-01-01,木,2A,トロル防御基地,UnityJP,,,-,-,3,7,2026-01-08,resolved
149,2026-01-01,木,2B,隠された修道院,ーArchー,,,-,-,6,7,2026-01-08,resolved
149,2026-01-01,木,2C,マルニの第2実験場,Maverickz,,,-,-,0,7,2026-01-08,resolved
149,2026-01-01,木,1A,アグリス平原,Иouver,,,統一,-,4,7,2026-01-08,resolved
149,2026-01-01,木,1B,リンチ農場廃墟,xAEGISx,,,-,-,0,1,2026-01-02,resolved
149,2026-01-01,木,1C,ブレディー砦,βυsнỉȉdo家族,,,統一,宴会,0,7,2026-01-08,resolved
149,2026-01-01,木,1D,エントの森,海洋之心,,,-,-,4,7,2026-01-08,resolved
149,2026-01-01,木,1E,クリオ村,PhoenixJP,,,-,-,0,3,2026-01-04,resolved
150,2026-01-02,金,3A,アグリス祭壇,・殺戮・,,,,-,0,7,2026-01-09,resolved
150,2026-01-02,金,2A,ナーガ抽出場,VainqueurJP,,,-,宴会,0,3,2026-01-05,resolved
150,2026-01-02,金,2B,オークキャンプ,TRAITORs,,,-,-,0,2,2026-01-04,resolved
150,2026-01-02,金,1A,北部採石場,オアシスステップ,,,-,宴会,0,7,2026-01-09,resolved
150,2026-01-02,金,1B,ハーピーの絶壁,xAEGISx,,,統一,-,0,6,2026-01-08,resolved
150,2026-01-02,金,1C,ブリの森,一惡人谷一,,,-,-,0,7,2026-01-09,resolved
150,2026-01-02,金,1D,マンシャの森の奥,微笑Party,,,-,-,1,2,2026-01-04,resolved
150,2026-01-02,金,1E,廃鉄鉱山採掘場,亗Luxúria亗,,,-,-,0,7,2026-01-09,resolved
152,2026-01-04,日,3A,デルニール農場,沙漠黑鷹,,,,-,#N/A,#N/A,#N/A,pending_or_error
152,2026-01-04,日,2A,略奪の森,AlmaVivaJP,,,-,宴会,#N/A,#N/A,#N/A,pending_or_error
152,2026-01-04,日,2B,忘却の地,TRAITORs,,,-,宴会,#N/A,#N/A,#N/A,pending_or_error
152,2026-01-04,日,1A,ナーガ沼地,SkyCastle,,,-,-,#N/A,#N/A,#N/A,pending_or_error
152,2026-01-04,日,1B,旧ダンデリオン,PhoenixJP,,,-,宴会,3,5,2026-01-09,resolved
152,2026-01-04,日,1C,捨てられた地,微笑Party,,,統一,宴会,#N/A,#N/A,#N/A,pending_or_error
152,2026-01-04,日,1D,ベア川下流,義勇,,,-,宴会,#N/A,#N/A,#N/A,pending_or_error
152,2026-01-04,日,1E,アルティノ入り口,黄昏のえりしおん,,,-,-,#N/A,#N/A,#N/A,pending_or_error
153,2026-01-05,月,3A,ルツム族駐屯地,PONYTAIL,,,,-,0,7,2026-01-12,resolved
153,2026-01-05,月,3B,アト農場,雪狼族,,,,,0,7,2026-01-12,resolved
153,2026-01-05,月,2A,ベリア農場地帯,柿一門,,,-,-,0,7,2026-01-12,resolved
153,2026-01-05,月,2B,ギュントの丘,VainqueurJP,,,-,宴会,0,3,2026-01-08,resolved
153,2026-01-05,月,2C,高原地帯,MystSA,,,-,宴会,4,7,2026-01-12,resolved
153,2026-01-05,月,1A,隠遁の森,ZirconiA,,,-,-,0,6,2026-01-11,resolved
153,2026-01-05,月,1B,エワズの丘,美奚冰室,,,統一,-,0,7,2026-01-12,resolved
153,2026-01-05,月,1C,廃城跡入り口,LeLien,,,-,-,0,7,2026-01-12,resolved
153,2026-01-05,月,1D,カイア渡し場,ー麒麟ー,,,-,宴会,0,7,2026-01-12,resolved
153,2026-01-05,月,1E,カズラ農場,Restart,,,-,宴会,0,6,2026-01-11,resolved
156,2026-01-08,木,3A,北部大農場,TheUniverse,,,,宴会,0,#N/A,#N/A,pending_or_error
156,2026-01-08,木,2A,トロル防御基地,ーリベリオンー,,,統一,-,0,#N/A,#N/A,pending_or_error
156,2026-01-08,木,2B,隠された修道院,桜吹雪,,,-,宴会,0,#N/A,#N/A,pending_or_error
156,2026-01-08,木,2C,マルニの第2実験場,VainqueurJP,,,-,-,0,1,2026-01-09,resolved
156,2026-01-08,木,1A,アグリス平原,Bagaиі,,,-,-,0,#N/A,#N/A,pending_or_error
156,2026-01-08,木,1B,リンチ農場廃墟,xAEGISx,,,統一,-,6,#N/A,#N/A,pending_or_error
156,2026-01-08,木,1C,ブレディー砦,βυsнỉȉdo家族,,,-,-,0,#N/A,#N/A,pending_or_error
156,2026-01-08,木,1D,エントの森,毛家村,,,-,-,0,#N/A,#N/A,pending_or_error
156,2026-01-08,木,1E,クリオ村,Revenant,,,-,宴会,4,3,2026-01-11,resolved
157,2026-01-09,金,3A,アグリス祭壇,・殺戮・,,,,宴会,0,7,2026-01-16,resolved
157,2026-01-09,金,2A,ナーガ抽出場,VainqueurJP,,,-,-,4,3,2026-01-12,resolved
157,2026-01-09,金,2B,オークキャンプ,PhoenixJP,,,-,-,5,7,2026-01-16,resolved
157,2026-01-09,金,1A,北部採石場,オアシスステップ,,,-,-,0,7,2026-01-16,resolved
157,2026-01-09,金,1B,ハーピーの絶壁,ーEspoirー,,,-,-,1,7,2026-01-16,resolved
157,2026-01-09,金,1C,ブリの森,一惡人谷一,,,統一,-,0,7,2026-01-16,resolved
157,2026-01-09,金,1D,マンシャの森の奥,Döraêmön,,,統一,-,5,6,2026-01-15,resolved
157,2026-01-09,金,1E,廃鉄鉱山採掘場,亗Luxúria亗,,,統一,-,0,7,2026-01-16,resolved
159,2026-01-11,日,3A,デルニール農場,沙漠黑鷹,,,,-,#N/A,#N/A,#N/A,pending_or_error
159,2026-01-11,日,2A,略奪の森,氣噗噗讓玻璃心碎一地,,,-,-,#N/A,#N/A,#N/A,pending_or_error
159,2026-01-11,日,2B,忘却の地,TRAITORs,,,-,-,#N/A,#N/A,#N/A,pending_or_error
159,2026-01-11,日,1A,ナーガ沼地,SkyCastle,,,-,宴会,#N/A,#N/A,#N/A,pending_or_error
159,2026-01-11,日,1B,旧ダンデリオン,UnityJP,,,-,-,2,4,2026-01-15,resolved
159,2026-01-11,日,1C,捨てられた地,Restart,,,-,-,#N/A,1,2026-01-12,pending_or_error
159,2026-01-11,日,1D,ベア川下流,ZirconiA,,,統一,-,#N/A,#N/A,#N/A,pending_or_error
159,2026-01-11,日,1E,アルティノ入り口,Revenant,,,統一,-,#N/A,#N/A,#N/A,pending_or_error
160,2026-01-12,月,3A,ルツム族駐屯地,PONYTAIL,,,,宴会,0,3,2026-01-15,resolved
160,2026-01-12,月,2A,ベリア農場地帯,PokemonGo,,,-,宴会,0,7,2026-01-19,resolved
160,2026-01-12,月,2B,ギュントの丘,VainqueurJP,,,-,-,4,3,2026-01-15,resolved
160,2026-01-12,月,2C,高原地帯,MystSA,,,-,-,0,7,2026-01-19,resolved
160,2026-01-12,月,1A,隠遁の森,黒の太陽,,,-,-,1,6,2026-01-18,resolved
160,2026-01-12,月,1B,エワズの丘,Restart,,,-,宴会,0,6,2026-01-18,resolved
160,2026-01-12,月,1C,廃城跡入り口,Maverickz,,,統一,宴会,0,6,2026-01-18,resolved
160,2026-01-12,月,1D,カイア渡し場,シェイド,,,-,-,0,7,2026-01-19,resolved
160,2026-01-12,月,1E,カズラ農場,彡MukBANG彡,,,統一,-,1,7,2026-01-19,resolved
163,2026-01-15,木,3A,北部大農場,PONYTAIL,,,,-,#N/A,7,2026-01-22,pending_or_error
163,2026-01-15,木,2A,トロル防御基地,UnityJP,,,-,宴会,#N/A,4,2026-01-19,pending_or_error
163,2026-01-15,木,2B,隠された修道院,柿一門,,,-,-,#N/A,7,2026-01-22,pending_or_error
163,2026-01-15,木,2C,マルニの第2実験場,VainqueurJP,,,-,宴会,6,1,2026-01-16,resolved
163,2026-01-15,木,1A,アグリス平原,C0BRA,,,統一,宴会,#N/A,7,2026-01-22,pending_or_error
163,2026-01-15,木,1B,リンチ農場廃墟,ーArchー,,,-,-,#N/A,1,2026-01-16,pending_or_error
163,2026-01-15,木,1C,ブレディー砦,βυsнỉȉdo家族,,,-,-,#N/A,7,2026-01-22,pending_or_error
163,2026-01-15,木,1D,エントの森,雲淡風輕o,,,統一,宴会,#N/A,7,2026-01-22,pending_or_error
163,2026-01-15,木,1E,クリオ村,Döraêmön,,,-,-,4,7,2026-01-22,resolved
164,2026-01-16,金,3A,アグリス祭壇,・殺戮・,,,,-,0,3,2026-01-19,resolved
164,2026-01-16,金,2A,ナーガ抽出場,VainqueurJP,,,-,-,4,7,2026-01-23,resolved
164,2026-01-16,金,2B,オークキャンプ,PhoenixJP,,,-,-,0,7,2026-01-23,resolved
164,2026-01-16,金,1A,北部採石場,桜吹雪,,,統一,-,0,2,2026-01-18,resolved
164,2026-01-16,金,1B,ハーピーの絶壁,ーArchー,,,-,宴会,0,7,2026-01-23,resolved
164,2026-01-16,金,1C,ブリの森,一惡人谷一,,,-,-,0,7,2026-01-23,resolved
164,2026-01-16,金,1D,マンシャの森の奥,TheUniverse,,,-,-,1,7,2026-01-23,resolved
164,2026-01-16,金,1E,廃鉄鉱山採掘場,xAEGISx,,,-,-,0,7,2026-01-23,resolved
166,2026-01-18,日,3A,デルニール農場,沙漠黑鷹,,,,宴会,#N/A,#N/A,#N/A,pending_or_error
166,2026-01-18,日,2A,略奪の森,AlmaVivaJP,,,-,-,#N/A,#N/A,#N/A,pending_or_error
166,2026-01-18,日,2B,忘却の地,Maverickz,,,統一,-,#N/A,1,2026-01-19,pending_or_error
166,2026-01-18,日,1A,ナーガ沼地,微笑Party,,,統一,-,#N/A,#N/A,#N/A,pending_or_error
166,2026-01-18,日,1B,旧ダンデリオン,亗Luxúria亗,,,統一,-,3,#N/A,#N/A,pending_or_error
166,2026-01-18,日,1C,捨てられた地,Restart,,,-,-,6,5,2026-01-23,resolved
166,2026-01-18,日,1D,ベア川下流,桜吹雪,,,-,-,#N/A,#N/A,#N/A,pending_or_error
166,2026-01-18,日,1E,アルティノ入り口,黒の太陽,,,-,宴会,#N/A,#N/A,#N/A,pending_or_error
167,2026-01-19,月,3A,ルツム族駐屯地,Maverickz,,,,-,4,7,2026-01-26,resolved
167,2026-01-19,月,3B,アト農場,・殺戮・,,,,宴会,0,7,2026-01-26,resolved
167,2026-01-19,月,2A,ベリア農場地帯,PokemonGo,,,-,-,0,7,2026-01-26,resolved
167,2026-01-19,月,2B,ギュントの丘,UnityJP,,,-,-,4,7,2026-01-26,resolved
167,2026-01-19,月,2C,高原地帯,MystSA,,,-,-,0,6,2026-01-25,resolved
167,2026-01-19,月,1A,隠遁の森,Иouver,,,統一,-,1,7,2026-01-26,resolved
167,2026-01-19,月,1B,エワズの丘,美孚冰室,,,統一,-,1,7,2026-01-26,resolved
167,2026-01-19,月,1C,廃城跡入り口,Etërnîty,,,-,-,1,7,2026-01-26,resolved
167,2026-01-19,月,1D,カイア渡し場,シェイド,,,-,-,0,3,2026-01-22,resolved
167,2026-01-19,月,1E,カズラ農場,彡MukBANG彡,,,-,宴会,0,7,2026-01-26,resolved
170,2026-01-22,木,3A,北部大農場,PONYTAIL,,,,宴会,0,7,2026-01-29,resolved
170,2026-01-22,木,2A,トロル防御基地,シェイド,,,-,-,3,7,2026-01-29,resolved
170,2026-01-22,木,2B,隠された修道院,柿一門,,,-,-,0,7,2026-01-29,resolved
170,2026-01-22,木,2C,マルニの第2実験場,TRAITORs,,,-,-,6,7,2026-01-29,resolved
170,2026-01-22,木,1A,アグリス平原,Revenant,,,-,-,0,3,2026-01-25,resolved
170,2026-01-22,木,1B,リンチ農場廃墟,毛家村,,,-,-,6,7,2026-01-29,resolved
170,2026-01-22,木,1C,ブレディー砦,βυsнỉȉdo家族,,,統一,宴会,0,4,2026-01-26,resolved
170,2026-01-22,木,1D,エントの森,SkyCastle,,,-,-,0,3,2026-01-25,resolved
170,2026-01-22,木,1E,クリオ村,Döraêmön,,,統一,-,0,7,2026-01-29,resolved
171,2026-01-23,金,3A,アグリス祭壇,雪狼族,,,,-,4,3,2026-01-26,resolved
171,2026-01-23,金,2A,ナーガ抽出場,雲淡風輕o,,,-,-,0,7,2026-01-30,resolved
171,2026-01-23,金,2B,オークキャンプ,PhoenixJP,,,統一,宴会,0,7,2026-01-30,resolved
171,2026-01-23,金,1A,北部採石場,LeLien,,,-,宴会,5,2,2026-01-25,resolved
171,2026-01-23,金,1B,ハーピーの絶壁,Restart,,,-,-,0,2,2026-01-25,resolved
171,2026-01-23,金,1C,ブリの森,一惡人谷一,,,統一,-,0,7,2026-01-30,resolved
171,2026-01-23,金,1D,マンシャの森の奥,TheUniverse,,,-,宴会,0,3,2026-01-26,resolved
171,2026-01-23,金,1E,廃鉄鉱山採掘場,Sangsaka,,,統一,宴会,0,7,2026-01-30,resolved
173,2026-01-25,日,3A,デルニール農場,沙漠黑鷹,,,,-,#N/A,#N/A,#N/A,pending_or_error
173,2026-01-25,日,2A,略奪の森,氣噗噗讓玻璃心碎一地,,,-,宴会,#N/A,#N/A,#N/A,pending_or_error
173,2026-01-25,日,2B,忘却の地,MystSA,,,-,宴会,6,#N/A,#N/A,pending_or_error
173,2026-01-25,日,1A,ナーガ沼地,SkyCastle,,,-,宴会,#N/A,#N/A,#N/A,pending_or_error
173,2026-01-25,日,1B,旧ダンデリオン,xAEGISx,,,-,-,#N/A,4,2026-01-29,pending_or_error
173,2026-01-25,日,1C,捨てられた地,Restart,,,-,-,2,1,2026-01-26,resolved
173,2026-01-25,日,1D,ベア川下流,LeLien,,,-,-,#N/A,5,2026-01-30,pending_or_error
173,2026-01-25,日,1E,アルティノ入り口,Revenant,,,統一,-,#N/A,#N/A,#N/A,pending_or_error
174,2026-01-26,月,3A,ルツム族駐屯地,Maverickz,,,,-,0,7,2026-02-02,resolved
174,2026-01-26,月,3B,アト農場,雪狼族,,,,-,0,7,2026-02-02,resolved
174,2026-01-26,月,2A,ベリア農場地帯,PokemonGo,,,-,-,0,7,2026-02-02,resolved
174,2026-01-26,月,2B,ギュントの丘,Restart,,,-,-,0,7,2026-02-02,resolved
174,2026-01-26,月,2C,高原地帯,TheUniverse,,,-,-,1,7,2026-02-02,resolved
174,2026-01-26,月,1A,隠遁の森,Kopitiam,,,-,-,0,7,2026-02-02,resolved
174,2026-01-26,月,1B,エワズの丘,FLORISTS,,,-,宴会,0,7,2026-02-02,resolved
174,2026-01-26,月,1C,廃城跡入り口,Etërnîty,,,統一,-,0,7,2026-02-02,resolved
174,2026-01-26,月,1D,カイア渡し場,ーEspoirー,,,統一,宴会,4,3,2026-01-29,resolved
174,2026-01-26,月,1E,カズラ農場,βυsнỉȉdo家族,,,-,-,0,7,2026-02-02,resolved
177,2026-01-29,木,3A,北部大農場,PONYTAIL,,,,-,0,4,2026-02-02,resolved
177,2026-01-29,木,2A,トロル防御基地,xAEGISx,,,-,-,0,4,2026-02-02,resolved
177,2026-01-29,木,2B,隠された修道院,義勇,,,統一,宴会,0,7,2026-02-05,resolved
177,2026-01-29,木,2C,マルニの第2実験場,TRAITORs,,,-,-,0,3,2026-02-01,resolved
177,2026-01-29,木,1A,アグリス平原,SanctaTerra,,,-,宴会,4,7,2026-02-05,resolved
177,2026-01-29,木,1B,リンチ農場廃墟,Demise,,,統一,-,0,7,2026-02-05,resolved
177,2026-01-29,木,1C,ブレディー砦,ーEspoirー,,,-,-,3,7,2026-02-05,resolved
177,2026-01-29,木,1D,エントの森,亗Luxúria亗,,,統一,-,4,4,2026-02-02,resolved
177,2026-01-29,木,1E,クリオ村,Döraêmön,,,-,-,0,4,2026-02-02,resolved
178,2026-01-30,金,3A,アグリス祭壇,・殺戮・,,,,宴会,4,7,2026-02-06,resolved
178,2026-01-30,金,2A,ナーガ抽出場,東京熱株式會社,,,-,宴会,0,7,2026-02-06,resolved
178,2026-01-30,金,2B,オークキャンプ,PhoenixJP,,,-,-,0,7,2026-02-06,resolved
178,2026-01-30,金,1A,北部採石場,LeLien,,,-,-,5,7,2026-02-06,resolved
178,2026-01-30,金,1B,ハーピーの絶壁,黄昏のえりしおん,,,統一,宴会,5,7,2026-02-06,resolved
178,2026-01-30,金,1C,ブリの森,一惡人谷一,,,-,-,0,7,2026-02-06,resolved
178,2026-01-30,金,1D,マンシャの森の奥,一SUN一,,,統一,-,4,7,2026-02-06,resolved
178,2026-01-30,金,1E,廃鉄鉱山採掘場,彡MukBANG彡,,,-,-,0,7,2026-02-06,resolved
180,2026-02-01,日,3A,デルニール農場,沙漠黑鷹,,,,宴会,#N/A,#N/A,#N/A,pending_or_error
180,2026-02-01,日,2A,略奪の森,氣噗噗讓玻璃心碎一地,,,-,-,#N/A,#N/A,#N/A,pending_or_error
180,2026-02-01,日,2B,忘却の地,TRAITORs,,,-,-,#N/A,4,2026-02-05,pending_or_error
180,2026-02-01,日,1A,ナーガ沼地,SkyCastle,,,-,-,#N/A,#N/A,#N/A,pending_or_error
180,2026-02-01,日,1B,旧ダンデリオン,UnityJP,,,-,-,3,4,2026-02-05,resolved
180,2026-02-01,日,1C,捨てられた地,ーArchー,,,-,-,6,#N/A,#N/A,pending_or_error
180,2026-02-01,日,1D,ベア川下流,オアシスステップ,,,統一,宴会,2,5,2026-02-06,resolved
180,2026-02-01,日,1E,アルティノ入り口,RëBîrth,,,-,-,#N/A,#N/A,#N/A,pending_or_error
181,2026-02-02,月,3A,ルツム族駐屯地,PONYTAIL,,,,宴会,0,3,2026-02-05,resolved
181,2026-02-02,月,3B,アト農場,雪狼族,,,,宴会,0,7,2026-02-09,resolved
181,2026-02-02,月,2A,ベリア農場地帯,MystSA,,,,宴会,0,7,2026-02-09,resolved
181,2026-02-02,月,2B,ギュントの丘,VainqueurJP,,,-,-,0,7,2026-02-09,resolved
181,2026-02-02,月,2C,高原地帯,xAEGISx,,,統一,宴会,0,7,2026-02-09,resolved
181,2026-02-02,月,1A,隠遁の森,Revenant,,,-,-,0,6,2026-02-08,resolved
181,2026-02-02,月,1B,エワズの丘,微笑Party,,,-,-,0,7,2026-02-09,resolved
181,2026-02-02,月,1C,廃城跡入り口,Döraêmön,,,-,宴会,0,7,2026-02-09,resolved
181,2026-02-02,月,1D,カイア渡し場,ー麒麟ー,,,-,-,4,7,2026-02-09,resolved
181,2026-02-02,月,1E,カズラ農場,亗Luxúria亗,,,統一,-,0,7,2026-02-09,resolved
184,2026-02-05,木,3A,北部大農場,PONYTAIL,,,,-,3,7,2026-02-12,resolved
184,2026-02-05,木,2A,トロル防御基地,UnityJP,,,-,宴会,3,7,2026-02-12,resolved
184,2026-02-05,木,2B,隠された修道院,柿一門,,,-,-,0,7,2026-02-12,resolved
184,2026-02-05,木,2C,マルニの第2実験場,TRAITORs,,,-,-,4,1,2026-02-06,resolved
184,2026-02-05,木,1A,アグリス平原,ムpocalype,,,統一,-,0,7,2026-02-12,resolved
184,2026-02-05,木,1B,リンチ農場廃墟,Demise,,,-,宴会,0,7,2026-02-12,resolved
184,2026-02-05,木,1C,ブレディー砦,FLORISTS,,,統一,-,0,7,2026-02-12,resolved
184,2026-02-05,木,1D,エントの森,βυsнỉȉdo家族,,,-,-,3,7,2026-02-12,resolved
184,2026-02-05,木,1E,クリオ村,TheUniverse,,,-,宴会,3,1,2026-02-06,resolved
185,2026-02-06,金,3A,アグリス祭壇,・殺戮・,,,,-,0,7,2026-02-13,resolved
185,2026-02-06,金,2A,ナーガ抽出場,Maverickz,,,-,-,0,7,2026-02-13,resolved
185,2026-02-06,金,2B,オークキャンプ,TRAITORs,,,-,-,0,2,2026-02-08,resolved
185,2026-02-06,金,1A,北部採石場,義勇,,,統一,-,0,7,2026-02-13,resolved
185,2026-02-06,金,1B,ハーピーの絶壁,オアシスステップ,,,-,-,0,2,2026-02-08,resolved
185,2026-02-06,金,1C,ブリの森,一惡人谷一,,,-,-,0,7,2026-02-13,resolved
185,2026-02-06,金,1D,マンシャの森の奥,TheUniverse,,,-,宴会,0,3,2026-02-09,resolved
185,2026-02-06,金,1E,廃鉄鉱山採掘場,Etërnîty,,,-,宴会,0,7,2026-02-13,resolved
187,2026-02-08,日,3A,デルニール農場,沙漠黑鷹,,,,-,#N/A,7,2026-02-15,pending_or_error
187,2026-02-08,日,2A,略奪の森,AlmaVivaJP,,,-,-,#N/A,6,2026-02-14,pending_or_error
187,2026-02-08,日,2B,忘却の地,TRAITORs,,,-,-,3,1,2026-02-09,resolved
187,2026-02-08,日,1A,ナーガ沼地,美孚冰室,,,統一,宴会,#N/A,7,2026-02-15,pending_or_error
187,2026-02-08,日,1B,旧ダンデリオン,シェイド,,,統一,-,3,7,2026-02-15,resolved
187,2026-02-08,日,1C,捨てられた地,オアシスステップ,,,-,-,#N/A,5,2026-02-13,pending_or_error
187,2026-02-08,日,1D,ベア川下流,黒の太陽,,,-,-,2,4,2026-02-12,resolved
187,2026-02-08,日,1E,アルティノ入り口,Revenant,,,統一,-,#N/A,7,2026-02-15,pending_or_error
188,2026-02-09,月,3A,ルツム族駐屯地,TRAITORs,,,,-,4,5,2026-02-14,resolved
188,2026-02-09,月,3B,アト農場,雪狼族,,,,-,0,7,2026-02-16,resolved
188,2026-02-09,月,2A,ベリア農場地帯,MystSA,,,-,-,0,7,2026-02-16,resolved
188,2026-02-09,月,2B,ギュントの丘,ーArchー,,,-,-,0,7,2026-02-16,resolved
188,2026-02-09,月,2C,高原地帯,TheUniverse,,,-,-,0,4,2026-02-13,resolved
188,2026-02-09,月,1A,隠遁の森,ーEspoirー,,,-,宴会,1,7,2026-02-16,resolved
188,2026-02-09,月,1B,エワズの丘,微笑Party,,,統一,-,0,7,2026-02-16,resolved
188,2026-02-09,月,1C,廃城跡入り口,氣噗噗讓玻璃心碎一地,,,-,-,0,7,2026-02-16,resolved
188,2026-02-09,月,1D,カイア渡し場,ーリベリオンー,,,-,宴会,0,7,2026-02-16,resolved
188,2026-02-09,月,1E,カズラ農場,亗Luxúria亗,,,-,宴会,0,7,2026-02-16,resolved
191,2026-02-12,木,3A,北部大農場,RaиkSS,,,,宴会,0,7,2026-02-19,resolved
191,2026-02-12,木,2A,トロル防御基地,黄昏のえりしおん,,,-,-,0,7,2026-02-19,resolved
191,2026-02-12,木,2B,隠された修道院,黒の太陽,,,-,-,0,7,2026-02-19,resolved
191,2026-02-12,木,2C,マルニの第2実験場,Döraêmön,,,統一,-,6,7,2026-02-19,resolved
191,2026-02-12,木,1A,アグリス平原,Restart,,,-,宴会,0,7,2026-02-19,resolved
191,2026-02-12,木,1B,リンチ農場廃墟,xAEGISx,,,統一,-,0,7,2026-02-19,resolved
191,2026-02-12,木,1C,ブレディー砦,SkyCastle,,,-,-,0,3,2026-02-15,resolved
191,2026-02-12,木,1D,エントの森,βυsнỉȉdo家族,,,-,-,0,7,2026-02-19,resolved
191,2026-02-12,木,1E,クリオ村,神聖堂,,,-,-,6,7,2026-02-19,resolved
192,2026-02-13,金,3A,アグリス祭壇,・殺戮・,,,,宴会,0,7,2026-02-20,resolved
192,2026-02-13,金,2A,ナーガ抽出場,PhoenixJP,,,-,-,0,7,2026-02-20,resolved
192,2026-02-13,金,2B,オークキャンプ,TheUniverse,,,-,宴会,5,7,2026-02-20,resolved
192,2026-02-13,金,1A,北部採石場,義勇,,,-,-,0,2,2026-02-15,resolved
192,2026-02-13,金,1B,ハーピーの絶壁,オアシスステップ,,,-,宴会,5,7,2026-02-20,resolved
192,2026-02-13,金,1C,ブリの森,一惡人谷一,,,統一,-,0,7,2026-02-20,resolved
192,2026-02-13,金,1D,マンシャの森の奥,一SUN一,,,統一,-,4,6,2026-02-19,resolved
192,2026-02-13,金,1E,廃鉄鉱山採掘場,桜吹雪,,,統一,-,0,7,2026-02-20,resolved
194,2026-02-15,日,3A,デルニール農場,沙漠黑鷹,,,,-,0,7,2026-02-22,resolved
194,2026-02-15,日,2A,略奪の森,VainqueurJP,,,-,-,1,6,2026-02-21,resolved
194,2026-02-15,日,2B,忘却の地,Maverickz,,,-,-,6,7,2026-02-22,resolved
194,2026-02-15,日,1A,ナーガ沼地,SkyCastle,,,-,-,0,7,2026-02-22,resolved
194,2026-02-15,日,1B,旧ダンデリオン,UnityJP,,,-,-,0,1,2026-02-16,resolved
194,2026-02-15,日,1C,捨てられた地,kaioken,,,統一,-,2,7,2026-02-22,resolved
194,2026-02-15,日,1D,ベア川下流,義勇,,,統一,-,3,7,2026-02-22,resolved
194,2026-02-15,日,1E,アルティノ入り口,ZirconiA,,,-,宴会,0,7,2026-02-22,resolved
195,2026-02-16,月,3A,ルツム族駐屯地,PONYTAIL,,,,宴会,2,7,2026-02-23,resolved
195,2026-02-16,月,3B,アト農場,雪狼族,,,,-,0,7,2026-02-23,resolved
195,2026-02-16,月,2A,ベリア農場地帯,UnityJP,,,-,-,0,7,2026-02-23,resolved
195,2026-02-16,月,2B,ギュントの丘,ーArchー,,,-,-,0,7,2026-02-23,resolved
195,2026-02-16,月,2C,高原地帯,雲淡風輕o,,,-,-,3,7,2026-02-23,resolved
195,2026-02-16,月,1A,隠遁の森,柿一門,,,統一,-,0,7,2026-02-23,resolved
195,2026-02-16,月,1B,エワズの丘,ーEspoirー,,,-,宴会,0,3,2026-02-19,resolved
195,2026-02-16,月,1C,廃城跡入り口,氣噗噗讓玻璃心碎一地,,,統一,-,0,7,2026-02-23,resolved
195,2026-02-16,月,1D,カイア渡し場,シェイド,,,統一,-,0,4,2026-02-20,resolved
195,2026-02-16,月,1E,カズラ農場,亗Luxúria亗,,,-,-,0,7,2026-02-23,resolved
198,2026-02-19,木,3A,北部大農場,RaиkSS,,,,-,0,2,2026-02-21,resolved
198,2026-02-19,木,2A,トロル防御基地,Restart,,,-,-,0,7,2026-02-26,resolved
198,2026-02-19,木,2B,隠された修道院,LeLien,,,-,宴会,0,7,2026-02-26,resolved
198,2026-02-19,木,2C,マルニの第2実験場,MystSA,,,-,-,0,7,2026-02-26,resolved
198,2026-02-19,木,1A,アグリス平原,ーEspoirー,,,-,-,0,4,2026-02-23,resolved
198,2026-02-19,木,1B,リンチ農場廃墟,xAEGISx,,,-,-,0,3,2026-02-22,resolved
198,2026-02-19,木,1C,ブレディー砦,Bagaиі,,,-,-,4,7,2026-02-26,resolved
198,2026-02-19,木,1D,エントの森,βυsнỉȉdo家族,,,統一,-,0,7,2026-02-26,resolved
198,2026-02-19,木,1E,クリオ村,一SUN一,,,統一,宴会,0,7,2026-02-26,resolved
199,2026-02-20,金,3A,アグリス祭壇,・殺戮・,,,,-,0,7,2026-02-27,resolved
199,2026-02-20,金,2A,ナーガ抽出場,PhoenixJP,,,統一,-,0,7,2026-02-27,resolved
199,2026-02-20,金,2B,オークキャンプ,TheUniverse,,,-,-,0,7,2026-02-27,resolved
199,2026-02-20,金,1A,北部採石場,ひよこりあ,,,-,-,5,7,2026-02-27,resolved
199,2026-02-20,金,1B,ハーピーの絶壁,シェイド,,,統一,-,0,3,2026-02-23,resolved
199,2026-02-20,金,1C,ブリの森,一惡人谷一,,,-,宴会,0,7,2026-02-27,resolved
199,2026-02-20,金,1D,マンシャの森の奥,Иouver,,,-,-,1,7,2026-02-27,resolved
199,2026-02-20,金,1E,廃鉄鉱山採掘場,ーリベリオンー,,,-,宴会,0,3,2026-02-23,resolved
201,2026-02-22,日,3A,デルニール農場,沙漠黑鷹,,,,宴会,0,7,2026-03-01,resolved
201,2026-02-22,日,2A,略奪の森,AlmaVivaJP,,,-,宴会,1,7,2026-03-01,resolved
201,2026-02-22,日,2B,忘却の地,TRAITORs,,,-,宴会,0,5,2026-02-27,resolved
201,2026-02-22,日,1A,ナーガ沼地,SkyCastle,,,-,-,0,7,2026-03-01,resolved
201,2026-02-22,日,1B,旧ダンデリオン,xAEGISx,,,-,宴会,6,7,2026-03-01,resolved
201,2026-02-22,日,1C,捨てられた地,オアシスステップ,,,-,宴会,0,7,2026-03-01,resolved
201,2026-02-22,日,1D,ベア川下流,黒の太陽,,,-,-,0,7,2026-03-01,resolved
201,2026-02-22,日,1E,アルティノ入り口,Döraêmön,,,統一,-,0,4,2026-02-26,resolved
202,2026-02-23,月,3A,ルツム族駐屯地,PONYTAIL,,,,-,0,3,2026-02-26,resolved
202,2026-02-23,月,3B,アト農場,雪狼族,,,,,0,7,2026-03-02,resolved
202,2026-02-23,月,2A,ベリア農場地帯,UnityJP,,,-,-,0,4,2026-02-27,resolved
202,2026-02-23,月,2B,ギュントの丘,シェイド,,,統一,-,0,7,2026-03-02,resolved
202,2026-02-23,月,2C,高原地帯,Maverickz,,,-,-,0,7,2026-03-02,resolved
202,2026-02-23,月,1A,隠遁の森,Pandora,,,-,宴会,0,7,2026-03-02,resolved
202,2026-02-23,月,1B,エワズの丘,ーEspoirー,,,-,-,4,3,2026-02-26,resolved
202,2026-02-23,月,1C,廃城跡入り口,氣噗噗讓玻璃心碎一地,,,-,-,0,7,2026-03-02,resolved
202,2026-02-23,月,1D,カイア渡し場,ーリベリオンー,,,-,-,3,7,2026-03-02,resolved
202,2026-02-23,月,1E,カズラ農場,ZirconiA,,,統一,-,0,7,2026-03-02,resolved
205,2026-02-26,木,3A,北部大農場,PONYTAIL,,,,宴会,5,7,2026-03-05,resolved
205,2026-02-26,木,2A,トロル防御基地,Restart,,,-,宴会,0,7,2026-03-05,resolved
205,2026-02-26,木,2B,隠された修道院,黄昏のえりしおん,,,-,-,0,7,2026-03-05,resolved
205,2026-02-26,木,2C,マルニの第2実験場,MystSA,,,-,-,0,7,2026-03-05,resolved
205,2026-02-26,木,1A,アグリス平原,ーEspoirー,,,統一,-,3,7,2026-03-05,resolved
205,2026-02-26,木,1B,リンチ農場廃墟,雲淡風輕o,,,-,-,4,7,2026-03-05,resolved
205,2026-02-26,木,1C,ブレディー砦,ムpocalypse,,,統一,-,0,7,2026-03-05,resolved
205,2026-02-26,木,1D,エントの森,βυsнỉȉdo家族,,,-,宴会,0,7,2026-03-05,resolved
205,2026-02-26,木,1E,クリオ村,Döraêmön,,,-,-,0,4,2026-03-02,resolved
206,2026-02-27,金,3A,アグリス祭壇,・殺戮・,,,,-,0,7,2026-03-06,resolved
206,2026-02-27,金,2A,ナーガ抽出場,UnityJP,,,-,宴会,0,3,2026-03-02,resolved
206,2026-02-27,金,2B,オークキャンプ,TRAITORs,,,-,-,0,1,2026-02-28,resolved
206,2026-02-27,金,1A,北部採石場,ひよこりあ,,,統一,宴会,0,7,2026-03-06,resolved
206,2026-02-27,金,1B,ハーピーの絶壁,ーArchー,,,-,-,4,7,2026-03-06,resolved
206,2026-02-27,金,1C,ブリの森,一惡人谷一,,,-,-,0,7,2026-03-06,resolved
206,2026-02-27,金,1D,マンシャの森の奥,一SUN一,,,-,-,0,7,2026-03-06,resolved
206,2026-02-27,金,1E,廃鉄鉱山採掘場,亗Luxúria亗,,,-,-,4,7,2026-03-06,resolved
208,2026-03-01,日,3A,デルニール農場,沙漠黑鷹,,,,-,0,7,2026-03-08,resolved
208,2026-03-01,日,2A,略奪の森,AlmaVivaJP,,,-,-,0,7,2026-03-08,resolved
208,2026-03-01,日,2B,忘却の地,VainqueurJP,,,-,-,2,5,2026-03-06,resolved
208,2026-03-01,日,1A,ナーガ沼地,SkyCastle,,,統一,-,0,7,2026-03-08,resolved
208,2026-03-01,日,1B,旧ダンデリオン,xAEGISx,,,統一,-,0,7,2026-03-08,resolved
208,2026-03-01,日,1C,捨てられた地,微笑Party,,,統一,-,0,7,2026-03-08,resolved
208,2026-03-01,日,1D,ベア川下流,義勇,,,-,宴会,0,7,2026-03-08,resolved
208,2026-03-01,日,1E,アルティノ入り口,PokemonGo,,,-,宴会,3,7,2026-03-08,resolved
209,2026-03-02,月,3A,ルツム族駐屯地,常悪魔遇到殺手猫,,,,-,4,7,2026-03-09,resolved
209,2026-03-02,月,3B,アト農場,雪狼族,,,,-,0,7,2026-03-09,resolved
209,2026-03-02,月,2A,ベリア農場地帯,UnityJP,,,-,宴会,3,7,2026-03-09,resolved
209,2026-03-02,月,2B,ギュントの丘,シェイド,,,-,-,0,7,2026-03-09,resolved
209,2026-03-02,月,2C,高原地帯,Maverickz,,,-,宴会,0,7,2026-03-09,resolved
209,2026-03-02,月,1A,隠遁の森,Pandora,,,-,-,0,7,2026-03-09,resolved
209,2026-03-02,月,1B,エワズの丘,SERENITY,,,統一,宴会,4,7,2026-03-09,resolved
209,2026-03-02,月,1C,廃城跡入り口,氣噗噗讓玻璃心碎一地,,,-,宴会,0,7,2026-03-09,resolved
209,2026-03-02,月,1D,カイア渡し場,ーリベリオンー,,,-,-,0,3,2026-03-05,resolved
209,2026-03-02,月,1E,カズラ農場,Döraêmön,,,-,-,0,7,2026-03-09,resolved
212,2026-03-05,木,3A,北部大農場,PONYTAIL,,,,-,0,2,2026-03-07,resolved
212,2026-03-05,木,2A,トロル防御基地,オアシスステップ,,,-,-,0,4,2026-03-09,resolved
212,2026-03-05,木,2B,隠された修道院,柿一門,,,-,-,0,1,2026-03-06,resolved
212,2026-03-05,木,2C,マルニの第2実験場,MystSA,,,-,宴会,0,4,2026-03-09,resolved
212,2026-03-05,木,1A,アグリス平原,TheUniverse,,,-,-,0,7,2026-03-12,resolved
212,2026-03-05,木,1B,リンチ農場廃墟,毛家村,,,統一,宴会,0,7,2026-03-12,resolved
212,2026-03-05,木,1C,ブレディー砦,C0BRA,,,-,-,0,7,2026-03-12,resolved
212,2026-03-05,木,1D,エントの森,ーリベリオンー,,,-,-,0,3,2026-03-08,resolved
212,2026-03-05,木,1E,クリオ村,黒の太陽,,,-,-,3,3,2026-03-08,resolved
213,2026-03-06,金,3A,アグリス祭壇,・殺戮・,,,,宴会,0,7,2026-03-13,resolved
213,2026-03-06,金,2A,ナーガ抽出場,VainqueurJP,,,-,-,4,7,2026-03-13,resolved
213,2026-03-06,金,2B,オークキャンプ,柿一門,,,-,-,6,7,2026-03-13,resolved
213,2026-03-06,金,1A,北部採石場,ーEspoirー,,,-,-,0,2,2026-03-08,resolved
213,2026-03-06,金,1B,ハーピーの絶壁,ーArchー,,,-,-,0,6,2026-03-12,resolved
213,2026-03-06,金,1C,ブリの森,kaioken,,,統一,-,0,7,2026-03-13,resolved
213,2026-03-06,金,1D,マンシャの森の奥,Revenant,,,統一,宴会,0,2,2026-03-08,resolved
213,2026-03-06,金,1E,廃鉄鉱山採掘場,亗Luxúria亗,,,統一,-,0,7,2026-03-13,resolved
215,2026-03-08,日,3A,デルニール農場,沙漠黑鷹,,,,宴会,0,7,2026-03-15,resolved
215,2026-03-08,日,2A,略奪の森,AlmaVivaJP,,,統一,,0,7,2026-03-15,resolved
215,2026-03-08,日,2B,忘却の地,雲淡風輕o,,,-,-,2,7,2026-03-15,resolved
215,2026-03-08,日,1A,ナーガ沼地,SkyCastle,,,-,-,0,7,2026-03-15,resolved
215,2026-03-08,日,1B,旧ダンデリオン,黒の太陽,,,-,宴会,0,4,2026-03-12,resolved
215,2026-03-08,日,1C,捨てられた地,ーリベリオンー,,,-,宴会,0,4,2026-03-12,resolved
215,2026-03-08,日,1D,ベア川下流,ーEspoirー,,,-,-,0,7,2026-03-15,resolved
215,2026-03-08,日,1E,アルティノ入り口,Revenant,,,統一,-,0,7,2026-03-15,resolved
216,2026-03-09,月,3A,ルツム族駐屯地,RaиkSS,,,,宴会,0,5,2026-03-14,resolved
216,2026-03-09,月,3B,アト農場,雪狼族,,,,宴会,0,7,2026-03-16,resolved
216,2026-03-09,月,2A,ベリア農場地帯,PokemonGo,,,統一,-,0,7,2026-03-16,resolved
216,2026-03-09,月,2B,ギュントの丘,オアシスステップ,,,-,-,0,7,2026-03-16,resolved
216,2026-03-09,月,2C,高原地帯,MystSA,,,-,-,0,3,2026-03-12,resolved
216,2026-03-09,月,1A,隠遁の森,RëBîrth,,,統一,宴会,0,7,2026-03-16,resolved
216,2026-03-09,月,1B,エワズの丘,βυsнỉȉdo家族,,,-,-,0,7,2026-03-16,resolved
216,2026-03-09,月,1C,廃城跡入り口,PhoenixJP,,,-,-,0,4,2026-03-13,resolved
216,2026-03-09,月,1D,カイア渡し場,一惡人谷一,,,統一,-,4,7,2026-03-16,resolved
216,2026-03-09,月,1E,カズラ農場,Döraêmön,,,統一,-,0,7,2026-03-16,resolved
219,2026-03-12,木,3A,北部大農場,Maverickz,,,,-,5,#N/A,#N/A,pending_or_error
219,2026-03-12,木,2A,トロル防御基地,ーArchー,,,-,-,3,#N/A,#N/A,pending_or_error
219,2026-03-12,木,2B,隠された修道院,黄昏のえりしおん,,,-,-,6,#N/A,#N/A,pending_or_error
219,2026-03-12,木,2C,マルニの第2実験場,MystSA,,,-,-,3,2,2026-03-14,resolved
219,2026-03-12,木,1A,アグリス平原,TheUniverse,,,統一,-,0,4,2026-03-16,resolved
219,2026-03-12,木,1B,リンチ農場廃墟,毛家村,,,-,-,0,#N/A,#N/A,pending_or_error
219,2026-03-12,木,1C,ブレディー砦,Иouver,,,統一,宴会,0,#N/A,#N/A,pending_or_error
219,2026-03-12,木,1D,エントの森,ーリベリオンー,,,-,-,4,1,2026-03-13,resolved
219,2026-03-12,木,1E,クリオ村,黒の太陽,,,-,-,4,#N/A,#N/A,pending_or_error
220,2026-03-13,金,3A,アグリス祭壇,・殺戮・,,,,-,0,7,2026-03-20,resolved
220,2026-03-13,金,2A,ナーガ抽出場,VainqueurJP,,,-,-,0,3,2026-03-16,resolved
220,2026-03-13,金,2B,オークキャンプ,PhoenixJP,,,-,宴会,0,7,2026-03-20,resolved
220,2026-03-13,金,1A,北部採石場,義勇,,,-,宴会,5,7,2026-03-20,resolved
220,2026-03-13,金,1B,ハーピーの絶壁,シェイド,,,統一,-,1,7,2026-03-20,resolved
220,2026-03-13,金,1C,ブリの森,ーリベリオンー,,,-,宴会,0,2,2026-03-15,resolved
220,2026-03-13,金,1D,マンシャの森の奥,UnityJP,,,-,-,5,3,2026-03-16,resolved
220,2026-03-13,金,1E,廃鉄鉱山採掘場,xAEGISx,,,-,宴会,0,2,2026-03-15,resolved
222,2026-03-15,日,3A,デルニール農場,沙漠黑鷹,,,,-,0,7,2026-03-22,resolved
222,2026-03-15,日,2A,略奪の森,AlmaVivaJP,,,-,宴会,0,7,2026-03-22,resolved
222,2026-03-15,日,2B,忘却の地,TRAITORs,,,-,宴会,0,5,2026-03-20,resolved
222,2026-03-15,日,1A,ナーガ沼地,ーリベリオンー,,,-,-,0,7,2026-03-22,resolved
222,2026-03-15,日,1B,旧ダンデリオン,xAEGISx,,,-,-,3,5,2026-03-20,resolved
222,2026-03-15,日,1C,捨てられた地,ムpocalypse,,,統一,-,3,7,2026-03-22,resolved
222,2026-03-15,日,1D,ベア川下流,磯野家,,,-,宴会,0,7,2026-03-22,resolved
222,2026-03-15,日,1E,アルティノ入り口,氣噗噗讓玻璃心碎一地,,,-,-,0,7,2026-03-22,resolved
223,2026-03-16,月,3A,ルツム族駐屯地,PONYTAIL,,,,-,2,3,2026-03-19,resolved
223,2026-03-16,月,2A,ベリア農場地帯,PokemonGo,,,-,-,0,7,2026-03-23,resolved
223,2026-03-16,月,2B,ギュントの丘,UnityJP,,,-,宴会,0,7,2026-03-23,resolved
223,2026-03-16,月,2C,高原地帯,VainqueurJP,,,-,-,4,3,2026-03-19,resolved
223,2026-03-16,月,1A,隠遁の森,Revenant,,,-,-,0,7,2026-03-23,resolved
223,2026-03-16,月,1B,エワズの丘,βυsнỉȉdo家族,,,統一,-,0,7,2026-03-23,resolved
223,2026-03-16,月,1C,廃城跡入り口,TheUniverse,,,-,-,3,7,2026-03-23,resolved
223,2026-03-16,月,1D,カイア渡し場,一惡人谷一,,,-,-,0,7,2026-03-23,resolved
223,2026-03-16,月,1E,カズラ農場,ZirconiA,,,-,宴会,0,7,2026-03-23,resolved
226,2026-03-19,木,3A,北部大農場,PONYTAIL,,,,宴会,#N/A,7,2026-03-26,pending_or_error
226,2026-03-19,木,2A,トロル防御基地,ーArchー,,,-,-,#N/A,7,2026-03-26,pending_or_error
226,2026-03-19,木,2B,隠された修道院,黄昏のえりしおん,,,-,宴会,#N/A,7,2026-03-26,pending_or_error
226,2026-03-19,木,2C,マルニの第2実験場,VainqueurJP,,,-,-,5,1,2026-03-20,resolved
226,2026-03-19,木,1A,アグリス平原,ーEspoirー,,,-,宴会,3,1,2026-03-20,resolved
226,2026-03-19,木,1B,リンチ農場廃墟,Etërnîty,,,統一,-,#N/A,7,2026-03-26,pending_or_error
226,2026-03-19,木,1C,ブレディー砦,C0BRA,,,-,-,#N/A,7,2026-03-26,pending_or_error
226,2026-03-19,木,1D,エントの森,Elements,,,-,-,6,7,2026-03-26,resolved
226,2026-03-19,木,1E,クリオ村,黒の太陽,,,-,-,#N/A,3,2026-03-22,pending_or_error
227,2026-03-20,金,3A,アグリス祭壇,・殺戮・,,,,宴会,0,7,2026-03-27,resolved
227,2026-03-20,金,2A,ナーガ抽出場,VainqueurJP,,,-,宴会,4,1,2026-03-21,resolved
227,2026-03-20,金,2B,オークキャンプ,TRAITORs,,,-,-,0,1,2026-03-21,resolved
227,2026-03-20,金,1A,北部採石場,ーEspoirー,,,-,-,0,6,2026-03-26,resolved
227,2026-03-20,金,1B,ハーピーの絶壁,シェイド,,,-,宴会,0,6,2026-03-26,resolved
227,2026-03-20,金,1C,ブリの森,柿一門,,,統一,-,5,7,2026-03-27,resolved
227,2026-03-20,金,1D,マンシャの森の奥,xAEGISx,,,統一,-,4,3,2026-03-23,resolved
227,2026-03-20,金,1E,廃鉄鉱山採掘場,放置無言出入自由,,,統一,-,5,7,2026-03-27,resolved
229,2026-03-22,日,3A,デルニール農場,沙漠黑鷹,,,,-,0,7,2026-03-29,resolved
229,2026-03-22,日,2A,略奪の森,AlmaVivaJP,,,-,-,0,6,2026-03-28,resolved
229,2026-03-22,日,2B,忘却の地,Döraêmön,,,統一,-,2,7,2026-03-29,resolved
229,2026-03-22,日,1A,ナーガ沼地,ーリベリオンー,,,-,宴会,0,1,2026-03-23,resolved
229,2026-03-22,日,1B,旧ダンデリオン,黒の太陽,,,-,宴会,2,4,2026-03-26,resolved
229,2026-03-22,日,1C,捨てられた地,一DEFlANCE,,,-,宴会,0,7,2026-03-29,resolved
229,2026-03-22,日,1D,ベア川下流,磯野家,,,統一,-,0,7,2026-03-29,resolved
229,2026-03-22,日,1E,アルティノ入り口,氣噗噗讓玻璃心碎一地,,,統一,-,0,7,2026-03-29,resolved
230,2026-03-23,月,3A,ルツム族駐屯地,RaиkSS,,,,宴会,4,7,2026-03-30,resolved
230,2026-03-23,月,3B,アト農場,雪狼族,,,,-,0,7,2026-03-30,resolved
230,2026-03-23,月,2A,ベリア農場地帯,PokemonGo,,,-,-,0,7,2026-03-30,resolved
230,2026-03-23,月,2B,ギュントの丘,UnityJP,,,-,-,0,4,2026-03-27,resolved
230,2026-03-23,月,2C,高原地帯,MystSA,,,-,宴会,4,7,2026-03-30,resolved
230,2026-03-23,月,1A,隠遁の森,Pandora,,,-,-,0,7,2026-03-30,resolved
230,2026-03-23,月,1B,エワズの丘,ーリベリオンー,,,-,-,0,4,2026-03-27,resolved
230,2026-03-23,月,1C,廃城跡入り口,xAEGISx,,,統一,宴会,0,3,2026-03-26,resolved
230,2026-03-23,月,1D,カイア渡し場,PhoenixJP,,,-,宴会,0,3,2026-03-26,resolved
230,2026-03-23,月,1E,カズラ農場,Outlaws,,,統一,-,0,7,2026-03-30,resolved
233,2026-03-26,木,3A,北部大農場,PONYTAIL,,,,-,0,7,2026-04-02,resolved
233,2026-03-26,木,2A,トロル防御基地,シェイド,,,統一,宴会,0,7,2026-04-02,resolved
233,2026-03-26,木,2B,隠された修道院,xAEGISx,,,-,-,0,3,2026-03-29,resolved
233,2026-03-26,木,2C,マルニの第2実験場,PhoenixJP,,,-,宴会,6,7,2026-04-02,resolved
233,2026-03-26,木,1A,アグリス平原,ーEspoirー,,,統一,-,6,7,2026-04-02,resolved
233,2026-03-26,木,1B,リンチ農場廃墟,一惡人谷一,,,-,宴会,0,7,2026-04-02,resolved
233,2026-03-26,木,1C,ブレディー砦,Kopitiam,,,-,-,0,7,2026-04-02,resolved
233,2026-03-26,木,1D,エントの森,kaioken,,,統一,-,0,7,2026-04-02,resolved
233,2026-03-26,木,1E,クリオ村,黒の太陽,,,-,宴会,4,1,2026-03-27,resolved
234,2026-03-27,金,3A,アグリス祭壇,・殺戮・,,,,-,0,7,2026-04-03,resolved
234,2026-03-27,金,2A,ナーガ抽出場,UnityJP,,,統一,-,6,7,2026-04-03,resolved
234,2026-03-27,金,2B,オークキャンプ,FLORISTS,,,-,-,6,7,2026-04-03,resolved
234,2026-03-27,金,1A,北部採石場,TheEnd,,,統一,-,1,7,2026-04-03,resolved
234,2026-03-27,金,1B,ハーピーの絶壁,ーArchー,,,-,-,1,3,2026-03-30,resolved
234,2026-03-27,金,1C,ブリの森,ーリベリオンー,,,-,-,0,2,2026-03-29,resolved
234,2026-03-27,金,1D,マンシャの森の奥,黒の太陽,,,-,宴会,4,7,2026-04-03,resolved
234,2026-03-27,金,1E,廃鉄鉱山採掘場,放置無言出入自由,,,-,-,0,7,2026-04-03,resolved
236,2026-03-29,日,3A,デルニール農場,沙漠黑鷹,,,,宴会,0,7,2026-04-05,resolved
236,2026-03-29,日,2A,略奪の森,VainqueurJP,,,-,-,1,1,2026-03-30,resolved
236,2026-03-29,日,2B,忘却の地,xAEGISx,,,-,-,0,1,2026-03-30,resolved
236,2026-03-29,日,1A,ナーガ沼地,亗Luxúria亗,,,統一,-,6,5,2026-04-03,resolved
236,2026-03-29,日,1B,旧ダンデリオン,海尼根飲酒俱樂部,,,統一,-,3,7,2026-04-05,resolved
236,2026-03-29,日,1C,捨てられた地,ーリベリオンー,,,-,-,0,5,2026-04-03,resolved
236,2026-03-29,日,1D,ベア川下流,柿一門,,,-,-,0,7,2026-04-05,resolved
236,2026-03-29,日,1E,アルティノ入り口,Restart,,,-,宴会,0,5,2026-04-03,resolved
237,2026-03-30,月,3A,ルツム族駐屯地,RaиkSS,,,,-,0,7,2026-04-06,resolved
237,2026-03-30,月,3B,アト農場,雪狼族,,,,宴会,0,7,2026-04-06,resolved
237,2026-03-30,月,2A,ベリア農場地帯,VainqueurJP,,,-,宴会,0,3,2026-04-02,resolved
237,2026-03-30,月,2B,ギュントの丘,xAEGISx,,,-,-,3,6,2026-04-05,resolved
237,2026-03-30,月,2C,高原地帯,MystSA,,,-,-,0,7,2026-04-06,resolved
237,2026-03-30,月,1A,隠遁の森,Revenant,,,統一,宴会,0,6,2026-04-05,resolved
237,2026-03-30,月,1B,エワズの丘,βυsнỉȉdo家族,,,-,-,3,7,2026-04-06,resolved
237,2026-03-30,月,1C,廃城跡入り口,氣噗噗讓玻璃心碎一地,,,-,-,4,7,2026-04-06,resolved
237,2026-03-30,月,1D,カイア渡し場,ーArchー,,,統一,-,4,3,2026-04-02,resolved
237,2026-03-30,月,1E,カズラ農場,TheUniverse,,,-,-,0,7,2026-04-06,resolved
240,2026-04-02,木,3A,北部大農場,PONYTAIL,,,,宴会,0,7,2026-04-09,resolved
240,2026-04-02,木,2A,トロル防御基地,ーArchー,,,-,-,0,4,2026-04-06,resolved
240,2026-04-02,木,2B,隠された修道院,磯野家,,,-,-,4,7,2026-04-09,resolved
240,2026-04-02,木,2C,マルニの第2実験場,VainqueurJP,,,-,-,0,3,2026-04-05,resolved
240,2026-04-02,木,1A,アグリス平原,ーEspoirー,,,-,宴会,0,4,2026-04-06,resolved
240,2026-04-02,木,1B,リンチ農場廃墟,一惡人谷一,,,-,-,0,7,2026-04-09,resolved
240,2026-04-02,木,1C,ブレディー砦,Kopitiam,,,統一,-,0,7,2026-04-09,resolved
240,2026-04-02,木,1D,エントの森,一DEFlANCE,,,-,宴会,0,7,2026-04-09,resolved
240,2026-04-02,木,1E,クリオ村,Döraêmön,,,-,-,6,7,2026-04-09,resolved
241,2026-04-03,金,3A,アグリス祭壇,・殺戮・,,,,-,0,#N/A,#N/A,pending_or_error
241,2026-04-03,金,2A,ナーガ抽出場,UnityJP,,,統一,-,0,#N/A,#N/A,pending_or_error
241,2026-04-03,金,2B,オークキャンプ,PhoenixJP,,,-,宴会,0,#N/A,#N/A,pending_or_error
241,2026-04-03,金,1A,北部採石場,ひよこりあ,,,-,宴会,0,#N/A,#N/A,pending_or_error
241,2026-04-03,金,1B,ハーピーの絶壁,心晴,,,統一,-,4,#N/A,#N/A,pending_or_error
241,2026-04-03,金,1C,ブリの森,ーリベリオンー,,,-,宴会,5,3,2026-04-06,resolved
241,2026-04-03,金,1D,マンシャの森の奥,亗Luxúria亗,,,統一,-,0,#N/A,#N/A,pending_or_error
241,2026-04-03,金,1E,廃鉄鉱山採掘場,Restart,,,-,-,0,#N/A,#N/A,pending_or_error
243,2026-04-05,日,3A,デルニール農場,沙漠黑鷹,,,,-,0,7,2026-04-12,resolved
243,2026-04-05,日,2A,略奪の森,VainqueurJP,,,-,-,6,1,2026-04-06,resolved
243,2026-04-05,日,2B,忘却の地,xAEGISx,,,-,宴会,6,7,2026-04-12,resolved
243,2026-04-05,日,1A,ナーガ沼地,海洋之心,,,-,-,2,7,2026-04-12,resolved
243,2026-04-05,日,1B,旧ダンデリオン,黒の太陽,,,-,-,0,7,2026-04-12,resolved
243,2026-04-05,日,1C,捨てられた地,Elements,,,統一,-,2,7,2026-04-12,resolved
243,2026-04-05,日,1D,ベア川下流,オアシスステップ,,,-,宴会,0,5,2026-04-10,resolved
243,2026-04-05,日,1E,アルティノ入り口,Revenant,,,統一,-,2,7,2026-04-12,resolved
244,2026-04-06,月,3A,ルツム族駐屯地,RaиkSS,,,,-,0,7,2026-04-13,resolved
244,2026-04-06,月,3B,アト農場,雪狼族,,,,-,0,7,2026-04-13,resolved
244,2026-04-06,月,2A,ベリア農場地帯,VainqueurJP,,,-,-,4,7,2026-04-13,resolved
244,2026-04-06,月,2B,ギュントの丘,ーArchー,,,-,宴会,1,3,2026-04-09,resolved
244,2026-04-06,月,2C,高原地帯,MystSA,,,-,-,0,7,2026-04-13,resolved
244,2026-04-06,月,1A,隠遁の森,ーEspoirー,,,-,-,1,7,2026-04-13,resolved
244,2026-04-06,月,1B,エワズの丘,βυsнỉȉdo家族,,,-,-,0,7,2026-04-13,resolved
244,2026-04-06,月,1C,廃城跡入り口,氣噗噗讓玻璃心碎一地,,,統一,宴会,0,7,2026-04-13,resolved
244,2026-04-06,月,1D,カイア渡し場,ーリベリオンー,,,-,宴会,4,4,2026-04-10,resolved
244,2026-04-06,月,1E,カズラ農場,TheUniverse,,,統一,-,0,7,2026-04-13,resolved
247,2026-04-09,木,3A,北部大農場,PONYTAIL,,,,-,0,#N/A,#N/A,pending_or_error
247,2026-04-09,木,2A,トロル防御基地,ーArchー,,,-,-,3,#N/A,#N/A,pending_or_error
247,2026-04-09,木,2B,隠された修道院,柿一門,,,-,-,0,#N/A,#N/A,pending_or_error
247,2026-04-09,木,2C,マルニの第2実験場,Иouver,,,-,-,4,#N/A,#N/A,pending_or_error
247,2026-04-09,木,1A,アグリス平原,C0BRA,,,統一,-,3,#N/A,#N/A,pending_or_error
247,2026-04-09,木,1B,リンチ農場廃墟,一惡人谷一,,,-,-,0,#N/A,#N/A,pending_or_error
247,2026-04-09,木,1C,ブレディー砦,Kopitiam,,,-,宴会,0,#N/A,#N/A,pending_or_error
247,2026-04-09,木,1D,エントの森,一DEFlANCE,,,統一,-,0,#N/A,#N/A,pending_or_error
247,2026-04-09,木,1E,クリオ村,PokemonGo,,,-,-,0,#N/A,#N/A,pending_or_error
248,2026-04-10,金,3A,アグリス祭壇,・殺戮・,,,,宴会,#N/A,#N/A,#N/A,pending_or_error
248,2026-04-10,金,2A,ナーガ抽出場,UnityJP,,,-,宴会,#N/A,3,2026-04-13,pending_or_error
248,2026-04-10,金,2B,オークキャンプ,PhoenixJP,,,-,-,#N/A,#N/A,#N/A,pending_or_error
248,2026-04-10,金,1A,北部採石場,のら猫,,,統一,-,#N/A,#N/A,#N/A,pending_or_error
248,2026-04-10,金,1B,ハーピーの絶壁,オアシスステップ,,,-,宴会,#N/A,2,2026-04-12,pending_or_error
248,2026-04-10,金,1C,ブリの森,ーリベリオンー,,,-,-,4,6,2026-04-16,resolved
248,2026-04-10,金,1D,マンシャの森の奥,亗Luxúria亗,,,-,-,#N/A,#N/A,#N/A,pending_or_error
248,2026-04-10,金,1E,廃鉄鉱山採掘場,Pandora,,,-,宴会,#N/A,3,2026-04-13,pending_or_error
250,2026-04-12,日,3A,デルニール農場,沙漠黑鷹,,,,宴会,0,7,2026-04-19,resolved
250,2026-04-12,日,2A,略奪の森,AlmaVivaJP,,,統一,-,6,7,2026-04-19,resolved
250,2026-04-12,日,2B,忘却の地,TRAITORs,,,-,-,0,5,2026-04-17,resolved
250,2026-04-12,日,1A,ナーガ沼地,微笑Party,,,統一,-,0,7,2026-04-19,resolved
250,2026-04-12,日,1B,旧ダンデリオン,シェイド,,,統一,-,0,1,2026-04-13,resolved
250,2026-04-12,日,1C,捨てられた地,オアシスステップ,,,-,-,0,7,2026-04-19,resolved
250,2026-04-12,日,1D,ベア川下流,黄昏のえりしおん,,,-,-,2,7,2026-04-19,resolved
250,2026-04-12,日,1E,アルティノ入り口,Restart,,,-,宴会,0,7,2026-04-19,resolved
251,2026-04-13,月,3A,ルツム族駐屯地,常悪魔遇到殺手猫,,,,宴会,0,7,2026-04-20,resolved
251,2026-04-13,月,3B,アト農場,雪狼族,,,,宴会,0,7,2026-04-20,resolved
251,2026-04-13,月,2A,ベリア農場地帯,VainqueurJP,,,-,-,0,7,2026-04-20,resolved
251,2026-04-13,月,2B,ギュントの丘,UnityJP,,,-,-,4,7,2026-04-20,resolved
251,2026-04-13,月,2C,高原地帯,MystSA,,,統一,宴会,0,7,2026-04-20,resolved
251,2026-04-13,月,1A,隠遁の森,Pandora,,,-,-,0,7,2026-04-20,resolved
251,2026-04-13,月,1B,エワズの丘,βυsнỉȉdo家族,,,統一,宴会,0,7,2026-04-20,resolved
251,2026-04-13,月,1C,廃城跡入り口,氣噗噗讓玻璃心碎一地,,,-,-,0,7,2026-04-20,resolved
251,2026-04-13,月,1D,カイア渡し場,シェイド,,,-,-,3,6,2026-04-19,resolved
251,2026-04-13,月,1E,カズラ農場,TheUniverse,,,-,-,0,7,2026-04-20,resolved
254,2026-04-16,木,3A,北部大農場,PONYTAIL,,,,-,#N/A,#N/A,#N/A,pending_or_error
254,2026-04-16,木,2A,トロル防御基地,FLORISTS,,,-,-,#N/A,#N/A,#N/A,pending_or_error
254,2026-04-16,木,2B,隠された修道院,義勇,,,-,宴会,#N/A,#N/A,#N/A,pending_or_error
254,2026-04-16,木,2C,マルニの第2実験場,Döraêmön,,,,,#N/A,#N/A,#N/A,pending_or_error
254,2026-04-16,木,1A,アグリス平原,Maverickz,,,-,宴会,#N/A,1,2026-04-17,pending_or_error
254,2026-04-16,木,1B,リンチ農場廃墟,xAEGISx,,,統一,-,#N/A,4,2026-04-20,pending_or_error
254,2026-04-16,木,1C,ブレディー砦,Kopitiam,,,-,-,#N/A,#N/A,#N/A,pending_or_error
254,2026-04-16,木,1D,エントの森,ーリベリオンー,,,-,-,#N/A,3,2026-04-19,pending_or_error
254,2026-04-16,木,1E,クリオ村,PokemonGo,,,-,宴会,#N/A,#N/A,#N/A,pending_or_error
255,2026-04-17,金,3A,アグリス祭壇,・殺戮・,,,,-,#N/A,#N/A,#N/A,pending_or_error
255,2026-04-17,金,2A,ナーガ抽出場,Maverickz,,,-,-,4,#N/A,#N/A,pending_or_error
255,2026-04-17,金,2B,オークキャンプ,TRAITORs,,,-,-,#N/A,2,2026-04-19,pending_or_error
255,2026-04-17,金,1A,北部採石場,柿一門,,,-,宴会,#N/A,#N/A,#N/A,pending_or_error
255,2026-04-17,金,1B,ハーピーの絶壁,ーArchー,,,-,-,5,#N/A,#N/A,pending_or_error
255,2026-04-17,金,1C,ブリの森,ムpocalypse,,,統一,-,1,#N/A,#N/A,pending_or_error
255,2026-04-17,金,1D,マンシャの森の奥,亗Luxúria亗,,,統一,-,#N/A,#N/A,#N/A,pending_or_error
255,2026-04-17,金,1E,廃鉄鉱山採掘場,Elements,,,統一,-,4,#N/A,#N/A,pending_or_error
257,2026-04-19,日,3A,デルニール農場,沙漠黑鷹,,,,-,0,7,2026-04-26,resolved
257,2026-04-19,日,2A,略奪の森,AlmaVivaJP,,,-,-,0,7,2026-04-26,resolved
257,2026-04-19,日,2B,忘却の地,TRAITORs,,,-,-,2,5,2026-04-24,resolved
257,2026-04-19,日,1A,ナーガ沼地,ーリベリオンー,,,-,-,0,4,2026-04-23,resolved
257,2026-04-19,日,1B,旧ダンデリオン,シェイド,,,-,宴会,6,7,2026-04-26,resolved
257,2026-04-19,日,1C,捨てられた地,オアシスステップ,,,-,宴会,0,7,2026-04-26,resolved
257,2026-04-19,日,1D,ベア川下流,心晴,,,統一,-,0,7,2026-04-26,resolved
257,2026-04-19,日,1E,アルティノ入り口,Restart,,,統一,-,0,7,2026-04-26,resolved
258,2026-04-20,月,3A,ルツム族駐屯地,常悪魔遇到殺手猫,,,,-,0,7,2026-04-27,resolved
258,2026-04-20,月,3B,アト農場,雪狼族,,,,-,0,7,2026-04-27,resolved
258,2026-04-20,月,2A,ベリア農場地帯,黒の太陽,,,-,宴会,0,7,2026-04-27,resolved
258,2026-04-20,月,2B,ギュントの丘,xAEGISx,,,統一,-,0,7,2026-04-27,resolved
258,2026-04-20,月,2C,高原地帯,MystSA,,,-,-,0,7,2026-04-27,resolved
258,2026-04-20,月,1A,隠遁の森,Pandora,,,-,宴会,0,7,2026-04-27,resolved
258,2026-04-20,月,1B,エワズの丘,βυsнỉȉdo家族,,,-,-,0,7,2026-04-27,resolved
258,2026-04-20,月,1C,廃城跡入り口,氣噗噗讓玻璃心碎一地,,,-,-,0,7,2026-04-27,resolved
258,2026-04-20,月,1D,カイア渡し場,一惡人谷一,,,-,宴会,1,3,2026-04-23,resolved
258,2026-04-20,月,1E,カズラ農場,Revenant,,,統一,宴会,0,7,2026-04-27,resolved
261,2026-04-23,木,3A,北部大農場,PONYTAIL,,,,宴会,#N/A,#N/A,#N/A,pending_or_error
261,2026-04-23,木,2A,トロル防御基地,FLORISTS,,,-,宴会,#N/A,#N/A,#N/A,pending_or_error
261,2026-04-23,木,2B,隠された修道院,義勇,,,-,-,#N/A,#N/A,#N/A,pending_or_error
261,2026-04-23,木,2C,マルニの第2実験場,Döraêmön,,,-,-,#N/A,#N/A,#N/A,pending_or_error
261,2026-04-23,木,1A,アグリス平原,Elemento,,,統一,-,6,#N/A,#N/A,pending_or_error
261,2026-04-23,木,1B,リンチ農場廃墟,一惡人谷一,,,-,-,3,#N/A,#N/A,pending_or_error
261,2026-04-23,木,1C,ブレディー砦,Kopitiam,,,統一,宴会,#N/A,#N/A,#N/A,pending_or_error
261,2026-04-23,木,1D,エントの森,ーリベリオンー,,,-,-,4,4,2026-04-27,resolved
261,2026-04-23,木,1E,クリオ村,PokemonGo,,,-,-,#N/A,#N/A,#N/A,pending_or_error
262,2026-04-24,金,3A,アグリス祭壇,・殺戮・,,,,宴会,#N/A,#N/A,#N/A,pending_or_error
262,2026-04-24,金,2A,ナーガ抽出場,PhoenixJP,,,-,-,#N/A,#N/A,#N/A,pending_or_error
262,2026-04-24,金,2B,オークキャンプ,TRAITORs,,,-,宴会,5,2,2026-04-26,resolved
262,2026-04-24,金,1A,北部採石場,のら猫,,,統一,-,#N/A,#N/A,#N/A,pending_or_error
262,2026-04-24,金,1B,ハーピーの絶壁,UnityJP,,,-,-,#N/A,3,2026-04-27,pending_or_error
262,2026-04-24,金,1C,ブリの森,C0BRA,,,-,-,#N/A,3,2026-04-27,pending_or_error
262,2026-04-24,金,1D,マンシャの森の奥,TheUniverse,,,-,宴会,#N/A,#N/A,#N/A,pending_or_error
262,2026-04-24,金,1E,廃鉄鉱山採掘場,微笑Party,,,-,-,#N/A,#N/A,#N/A,pending_or_error
264,2026-04-26,日,3A,デルニール農場,沙漠黑鷹,,,,-,0,7,2026-05-03,resolved
264,2026-04-26,日,2A,略奪の森,VainqueurJP,,,-,-,0,7,2026-05-03,resolved
264,2026-04-26,日,2B,忘却の地,TRAITORs,,,-,-,2,5,2026-05-01,resolved
264,2026-04-26,日,1A,ナーガ沼地,亗Luxúria亗,,,統一,宴会,3,7,2026-05-03,resolved
264,2026-04-26,日,1B,旧ダンデリオン,一SUN一,,,統一,-,0,7,2026-05-03,resolved
264,2026-04-26,日,1C,捨てられた地,ーArchー,,,統一,-,0,7,2026-05-03,resolved
264,2026-04-26,日,1D,ベア川下流,心晴,,,-,-,0,7,2026-05-03,resolved
264,2026-04-26,日,1E,アルティノ入り口,Maverickz,,,-,-,0,1,2026-04-27,resolved
265,2026-04-27,月,3A,ルツム族駐屯地,常悪魔遇到殺手猫,,,,宴会,0,7,2026-05-04,resolved
265,2026-04-27,月,3B,アト農場,雪狼族,,,,-,0,7,2026-05-04,resolved
265,2026-04-27,月,2A,ベリア農場地帯,Maverickz,,,-,-,0,7,2026-05-04,resolved
265,2026-04-27,月,2B,ギュントの丘,xAEGISx,,,-,-,0,7,2026-05-04,resolved
265,2026-04-27,月,2C,高原地帯,MystSA,,,-,-,0,7,2026-05-04,resolved
265,2026-04-27,月,1A,隠遁の森,Pandora,,,-,-,0,7,2026-05-04,resolved
265,2026-04-27,月,1B,エワズの丘,βυsнỉȉdo家族,,,統一,-,0,7,2026-05-04,resolved
265,2026-04-27,月,1C,廃城跡入り口,UnityJP,,,-,宴会,0,4,2026-05-01,resolved
265,2026-04-27,月,1D,カイア渡し場,ーリベリオンー,,,-,-,4,3,2026-04-30,resolved
265,2026-04-27,月,1E,カズラ農場,C0BRA,,,-,-,0,7,2026-05-04,resolved
268,2026-04-30,木,3A,北部大農場,PONYTAIL,,,,-,#N/A,4,2026-05-04,pending_or_error
268,2026-04-30,木,2A,トロル防御基地,黒の太陽,,,-,-,#N/A,#N/A,#N/A,pending_or_error
268,2026-04-30,木,2B,隠された修道院,義勇,,,統一,-,#N/A,#N/A,#N/A,pending_or_error
268,2026-04-30,木,2C,マルニの第2実験場,Döraêmön,,,-,-,#N/A,4,2026-05-04,pending_or_error
268,2026-04-30,木,1A,アグリス平原,MÏRÃGË,,,-,-,#N/A,#N/A,#N/A,pending_or_error
268,2026-04-30,木,1B,リンチ農場廃墟,Etërnîty,,,統一,宴会,#N/A,#N/A,#N/A,pending_or_error
268,2026-04-30,木,1C,ブレディー砦,Kopitiam,,,-,-,#N/A,4,2026-05-04,pending_or_error
268,2026-04-30,木,1D,エントの森,ーリベリオンー,,,-,宴会,3,#N/A,#N/A,pending_or_error
268,2026-04-30,木,1E,クリオ村,PokemonGo,,,-,-,#N/A,#N/A,#N/A,pending_or_error
269,2026-05-01,金,3A,アグリス祭壇,・殺戮・,,,,-,#N/A,#N/A,#N/A,pending_or_error
269,2026-05-01,金,2A,ナーガ抽出場,UnityJP,,,-,宴会,#N/A,#N/A,#N/A,pending_or_error
269,2026-05-01,金,2B,オークキャンプ,TRAITORs,,,-,-,5,2,2026-05-03,resolved
269,2026-05-01,金,1A,北部採石場,Restart,,,-,-,#N/A,3,2026-05-04,pending_or_error
269,2026-05-01,金,1B,ハーピーの絶壁,シェイド,,,-,宴会,4,6,2026-05-07,resolved
269,2026-05-01,金,1C,ブリの森,Иouver,,,統一,-,4,#N/A,#N/A,pending_or_error
269,2026-05-01,金,1D,マンシャの森の奥,Revenant,,,統一,-,#N/A,2,2026-05-03,pending_or_error
269,2026-05-01,金,1E,廃鉄鉱山採掘場,美孚冰室,,,統一,-,#N/A,#N/A,#N/A,pending_or_error
271,2026-05-03,日,3A,デルニール農場,沙漠黑鷹,,,,宴会,0,7,2026-05-10,resolved
271,2026-05-03,日,2A,略奪の森,VainqueurJP,,,-,宴会,0,7,2026-05-10,resolved
271,2026-05-03,日,2B,忘却の地,TRAITORs,,,-,宴会,2,7,2026-05-10,resolved
271,2026-05-03,日,1A,ナーガ沼地,亗Luxúria亗,,,-,-,0,7,2026-05-10,resolved
271,2026-05-03,日,1B,旧ダンデリオン,微笑Party,,,-,-,0,7,2026-05-10,resolved
271,2026-05-03,日,1C,捨てられた地,ーArchー,,,-,-,0,7,2026-05-10,resolved
271,2026-05-03,日,1D,ベア川下流,オアシスステップ,,,統一,-,0,7,2026-05-10,resolved
271,2026-05-03,日,1E,アルティノ入り口,Revenant,,,統一,宴会,6,7,2026-05-10,resolved
272,2026-05-04,月,3A,ルツム族駐屯地,PONYTAIL,,,,-,0,7,2026-05-11,resolved
272,2026-05-04,月,3B,アト農場,雪狼族,,,,宴会,0,7,2026-05-11,resolved
272,2026-05-04,月,2A,ベリア農場地帯,Döraêmön,,,-,-,0,7,2026-05-11,resolved
272,2026-05-04,月,2B,ギュントの丘,xAEGISx,,,-,宴会,0,4,2026-05-08,resolved
272,2026-05-04,月,2C,高原地帯,RaиkSS,,,-,宴会,0,7,2026-05-11,resolved
272,2026-05-04,月,1A,隠遁の森,Pandora,,,-,-,0,7,2026-05-11,resolved
272,2026-05-04,月,1B,エワズの丘,Kopitiam,,,-,宴会,0,7,2026-05-11,resolved
272,2026-05-04,月,1C,廃城跡入り口,一DEFlANCE,,,統一,-,3,7,2026-05-11,resolved
272,2026-05-04,月,1D,カイア渡し場,Restart,,,-,-,4,7,2026-05-11,resolved
272,2026-05-04,月,1E,カズラ農場,ムpocalypse,,,統一,-,0,7,2026-05-11,resolved
275,2026-05-07,木,3A,北部大農場,雲淡風輕o,,,,宴会,3,#N/A,#N/A,pending_or_error
275,2026-05-07,木,2A,トロル防御基地,黒の太陽,,,-,-,#N/A,#N/A,#N/A,pending_or_error
275,2026-05-07,木,2B,隠された修道院,黄昏のえりしおん,,,-,宴会,#N/A,#N/A,#N/A,pending_or_error
275,2026-05-07,木,2C,マルニの第2実験場,MystSA,,,-,-,3,4,2026-05-11,resolved
275,2026-05-07,木,1A,アグリス平原,MÏRÃGË,,,-,-,#N/A,#N/A,#N/A,pending_or_error
275,2026-05-07,木,1B,リンチ農場廃墟,Etërnîty,,,-,-,#N/A,#N/A,#N/A,pending_or_error
275,2026-05-07,木,1C,ブレディー砦,βυsнỉȉdo家族,,,-,-,3,#N/A,#N/A,pending_or_error
275,2026-05-07,木,1D,エントの森,シェイド,,,統一,-,#N/A,1,2026-05-08,pending_or_error
275,2026-05-07,木,1E,クリオ村,PokemonGo,,,統一,宴会,#N/A,#N/A,#N/A,pending_or_error
276,2026-05-08,金,3A,アグリス祭壇,・殺戮・,,,,-,#N/A,#N/A,#N/A,pending_or_error
276,2026-05-08,金,2A,ナーガ抽出場,UnityJP,,,-,-,#N/A,#N/A,#N/A,pending_or_error
276,2026-05-08,金,2B,オークキャンプ,xAEGISx,,,統一,-,5,2,2026-05-10,resolved
276,2026-05-08,金,1A,北部採石場,桜吹雪,,,統一,-,4,#N/A,#N/A,pending_or_error
276,2026-05-08,金,1B,ハーピーの絶壁,シェイド,,,-,-,1,2,2026-05-10,resolved
276,2026-05-08,金,1C,ブリの森,ーリベリオンー,,,-,宴会,#N/A,3,2026-05-11,pending_or_error
276,2026-05-08,金,1D,マンシャの森の奥,FLORISTS,,,-,-,5,#N/A,#N/A,pending_or_error
276,2026-05-08,金,1E,廃鉄鉱山採掘場,美孚冰室,,,-,宴会,#N/A,#N/A,#N/A,pending_or_error
278,2026-05-10,日,3A,デルニール農場,沙漠黑鷹,,,,-,0,7,2026-05-17,resolved
278,2026-05-10,日,2A,略奪の森,xAEGISx,,,-,-,0,7,2026-05-17,resolved
278,2026-05-10,日,2B,忘却の地,TRAITORs,,,-,-,0,5,2026-05-15,resolved
278,2026-05-10,日,1A,ナーガ沼地,亗Luxúria亗,,,統一,宴会,0,7,2026-05-17,resolved
278,2026-05-10,日,1B,旧ダンデリオン,シェイド,,,統一,宴会,0,1,2026-05-11,resolved
278,2026-05-10,日,1C,捨てられた地,一惡人谷一,,,-,-,0,7,2026-05-17,resolved
278,2026-05-10,日,1D,ベア川下流,オアシスステップ,,,-,-,0,7,2026-05-17,resolved
278,2026-05-10,日,1E,アルティノ入り口,Revenant,,,-,-,0,7,2026-05-17,resolved
279,2026-05-11,月,3A,ルツム族駐屯地,PONYTAIL,,,,-,0,7,2026-05-18,resolved
279,2026-05-11,月,3B,アト農場,雪狼族,,,,-,0,7,2026-05-18,resolved
279,2026-05-11,月,2A,ベリア農場地帯,MystSA,,,-,宴会,0,7,2026-05-18,resolved
279,2026-05-11,月,2B,ギュントの丘,PhoenixJP,,,-,-,3,7,2026-05-18,resolved
279,2026-05-11,月,2C,高原地帯,RaиkSS,,,-,-,0,7,2026-05-18,resolved
279,2026-05-11,月,1A,隠遁の森,RëBîrth,,,統一,-,0,7,2026-05-18,resolved
279,2026-05-11,月,1B,エワズの丘,ーリベリオンー,,,-,-,0,4,2026-05-15,resolved
279,2026-05-11,月,1C,廃城跡入り口,Maverickz,,,-,-,0,3,2026-05-14,resolved
279,2026-05-11,月,1D,カイア渡し場,シェイド,,,統一,-,0,4,2026-05-15,resolved
279,2026-05-11,月,1E,カズラ農場,C0BRA,,,-,宴会,0,7,2026-05-18,resolved
282,2026-05-14,木,3A,北部大農場,Иouver,,,,-,#N/A,#N/A,#N/A,pending_or_error
282,2026-05-14,木,2A,トロル防御基地,黒の太陽,,,-,宴会,#N/A,4,2026-05-18,pending_or_error
282,2026-05-14,木,2B,隠された修道院,柿一門,,,-,-,#N/A,#N/A,#N/A,pending_or_error
282,2026-05-14,木,2C,マルニの第2実験場,RaиkSS,,,-,宴会,3,#N/A,#N/A,pending_or_error
282,2026-05-14,木,1A,アグリス平原,ZirconiA,,,統一,-,#N/A,#N/A,#N/A,pending_or_error
282,2026-05-14,木,1B,リンチ農場廃墟,一DEFlANCE,,,-,宴会,#N/A,#N/A,#N/A,pending_or_error
282,2026-05-14,木,1C,ブレディー砦,Kopitiam,,,統一,-,#N/A,#N/A,#N/A,pending_or_error
282,2026-05-14,木,1D,エントの森,SERENITY,,,-,宴会,6,#N/A,#N/A,pending_or_error
282,2026-05-14,木,1E,クリオ村,Maverickz,,,-,-,#N/A,#N/A,#N/A,pending_or_error
283,2026-05-15,金,3A,アグリス祭壇,・殺戮・,,,,宴会,#N/A,#N/A,#N/A,pending_or_error
283,2026-05-15,金,2A,ナーガ抽出場,UnityJP,,,-,-,#N/A,#N/A,#N/A,pending_or_error
283,2026-05-15,金,2B,オークキャンプ,TRAITORs,,,-,-,5,#N/A,#N/A,pending_or_error
283,2026-05-15,金,1A,北部採石場,ーEspoirー,,,-,-,#N/A,6,2026-05-21,pending_or_error
283,2026-05-15,金,1B,ハーピーの絶壁,シェイド,,,統一,-,5,#N/A,#N/A,pending_or_error
283,2026-05-15,金,1C,ブリの森,ーリベリオンー,,,-,-,4,2,2026-05-17,resolved
283,2026-05-15,金,1D,マンシャの森の奥,FLORISTS,,,-,宴会,#N/A,3,2026-05-18,pending_or_error
283,2026-05-15,金,1E,廃鉄鉱山採掘場,微笑Party,,,統一,-,#N/A,#N/A,#N/A,pending_or_error
285,2026-05-17,日,3A,デルニール農場,沙漠黑鷹,,,,宴会,0,7,2026-05-24,resolved
285,2026-05-17,日,2A,略奪の森,AlmaVivaJP,,,-,-,0,7,2026-05-24,resolved
285,2026-05-17,日,2B,忘却の地,Döraêmön,,,統一,-,2,7,2026-05-24,resolved
285,2026-05-17,日,1A,ナーガ沼地,亗Luxúria亗,,,-,-,0,7,2026-05-24,resolved
285,2026-05-17,日,1B,旧ダンデリオン,ーリベリオンー,,,-,-,6,7,2026-05-24,resolved
285,2026-05-17,日,1C,捨てられた地,一惡人谷一,,,統一,宴会,0,7,2026-05-24,resolved
285,2026-05-17,日,1D,ベア川下流,義勇,,,-,宴会,0,7,2026-05-24,resolved
285,2026-05-17,日,1E,アルティノ入り口,Restart,,,-,-,0,7,2026-05-24,resolved
286,2026-05-18,月,3A,ルツム族駐屯地,PONYTAIL,,,,宴会,0,3,2026-05-21,resolved
286,2026-05-18,月,3B,アト農場,雪狼族,,,,宴会,0,7,2026-05-25,resolved
286,2026-05-18,月,2A,ベリア農場地帯,MystSA,,,統一,-,0,7,2026-05-25,resolved
286,2026-05-18,月,2B,ギュントの丘,黒の太陽,,,-,-,0,7,2026-05-25,resolved
286,2026-05-18,月,2C,高原地帯,Döraêmön,,,-,-,0,7,2026-05-25,resolved
286,2026-05-18,月,1A,隠遁の森,RëBîrth,,,-,-,0,7,2026-05-25,resolved
286,2026-05-18,月,1B,エワズの丘,βυsнỉȉdo家族,,,統一,-,3,7,2026-05-25,resolved
286,2026-05-18,月,1C,廃城跡入り口,xAEGISx,,,-,宴会,4,6,2026-05-24,resolved
286,2026-05-18,月,1D,カイア渡し場,FLORISTS,,,-,-,3,7,2026-05-25,resolved
286,2026-05-18,月,1E,カズラ農場,Revenant,,,-,-,0,6,2026-05-24,resolved
289,2026-05-21,木,3A,北部大農場,PONYTAIL,,,,-,#N/A,#N/A,#N/A,pending_or_error
289,2026-05-21,木,2A,トロル防御基地,PhoenixJP,,,-,-,3,#N/A,#N/A,pending_or_error
289,2026-05-21,木,2B,隠された修道院,氣噗噗讓玻璃心碎一地,,,-,-,#N/A,4,2026-05-25,pending_or_error
289,2026-05-21,木,2C,マルニの第2実験場,微笑Party,,,,,#N/A,#N/A,#N/A,pending_or_error
289,2026-05-21,木,1A,アグリス平原,ーEspoirー,,,-,宴会,#N/A,#N/A,#N/A,pending_or_error
289,2026-05-21,木,1B,リンチ農場廃墟,低調時尚,,,統一,-,#N/A,#N/A,#N/A,pending_or_error
289,2026-05-21,木,1C,ブレディー砦,Kopitiam,,,-,宴会,#N/A,#N/A,#N/A,pending_or_error
289,2026-05-21,木,1D,エントの森,Elemento,,,統一,-,#N/A,1,2026-05-22,pending_or_error
289,2026-05-21,木,1E,クリオ村,ーArchー,,,-,-,#N/A,4,2026-05-25,pending_or_error
290,2026-05-22,金,3A,アグリス祭壇,・殺戮・,,,,-,#N/A,#N/A,#N/A,pending_or_error
290,2026-05-22,金,2A,ナーガ抽出場,UnityJP,,,-,-,#N/A,3,2026-05-25,pending_or_error
290,2026-05-22,金,2B,オークキャンプ,TRAITORs,,,-,宴会,#N/A,#N/A,#N/A,pending_or_error
290,2026-05-22,金,1A,北部採石場,月下の集い,,,-,宴会,1,#N/A,#N/A,pending_or_error
290,2026-05-22,金,1B,ハーピーの絶壁,シェイド,,,-,-,#N/A,6,2026-05-28,pending_or_error
290,2026-05-22,金,1C,ブリの森,Elemento,,,統一,-,5,#N/A,#N/A,pending_or_error
290,2026-05-22,金,1D,マンシャの森の奥,Maverickz,,,統一,-,4,#N/A,#N/A,pending_or_error
290,2026-05-22,金,1E,廃鉄鉱山採掘場,柿一門,,,-,宴会,#N/A,#N/A,#N/A,pending_or_error
292,2026-05-24,日,3A,デルニール農場,沙漠黑鷹,,,,-,0,7,2026-05-31,resolved
292,2026-05-24,日,2A,略奪の森,AlmaVivaJP,,,-,宴会,0,7,2026-05-31,resolved
292,2026-05-24,日,2B,忘却の地,VainqueurJP,,,-,宴会,0,5,2026-05-29,resolved
292,2026-05-24,日,1A,ナーガ沼地,亗Luxúria亗,,,-,宴会,0,7,2026-05-31,resolved
292,2026-05-24,日,1B,旧ダンデリオン,xAEGISx,,,-,-,0,7,2026-05-31,resolved
292,2026-05-24,日,1C,捨てられた地,一惡人谷一,,,-,-,0,7,2026-05-31,resolved
292,2026-05-24,日,1D,ベア川下流,オアシスステップ,,,統一,-,0,7,2026-05-31,resolved
292,2026-05-24,日,1E,アルティノ入り口,Revenant,,,統一,-,0,7,2026-05-31,resolved
293,2026-05-25,月,3A,ルツム族駐屯地,常悪魔遇到手猫,,,,-,4,7,2026-06-01,resolved
293,2026-05-25,月,3B,アト農場,雪狼族,,,,-,0,7,2026-06-01,resolved
293,2026-05-25,月,2A,ベリア農場地帯,氣噗噗讓玻璃心碎一地,,,-,-,0,7,2026-06-01,resolved
293,2026-05-25,月,2B,ギュントの丘,UnityJP,,,-,-,0,7,2026-06-01,resolved
293,2026-05-25,月,2C,高原地帯,Döraêmön,,,-,宴会,0,7,2026-06-01,resolved
293,2026-05-25,月,1A,隠遁の森,義勇,,,-,宴会,0,4,2026-05-29,resolved
293,2026-05-25,月,1B,エワズの丘,FLORISTS,,,-,-,0,4,2026-05-29,resolved
293,2026-05-25,月,1C,廃城跡入り口,Иouver,,,統一,-,1,7,2026-06-01,resolved
293,2026-05-25,月,1D,カイア渡し場,ーArchー,,,-,宴会,0,3,2026-05-28,resolved
293,2026-05-25,月,1E,カズラ農場,MÏRÃGË,,,統一,-,1,7,2026-06-01,resolved
296,2026-05-28,木,3A,北部大農場,PONYTAIL,,,,宴会,#N/A,#N/A,#N/A,pending_or_error
296,2026-05-28,木,2A,トロル防御基地,シェイド,,,統一,-,#N/A,4,2026-06-01,pending_or_error
296,2026-05-28,木,2B,隠された修道院,PokemonGo,,,-,宴会,3,#N/A,#N/A,pending_or_error
296,2026-05-28,木,2C,マルニの第2実験場,美孚冰室,,,-,-,#N/A,#N/A,#N/A,pending_or_error
296,2026-05-28,木,1A,アグリス平原,C0BRA,,,統一,-,#N/A,#N/A,#N/A,pending_or_error
296,2026-05-28,木,1B,リンチ農場廃墟,低調時尚,,,-,-,#N/A,#N/A,#N/A,pending_or_error
296,2026-05-28,木,1C,ブレディー砦,Kopitiam,,,-,-,#N/A,#N/A,#N/A,pending_or_error
296,2026-05-28,木,1D,エントの森,Orzeca,,,-,-,6,#N/A,#N/A,pending_or_error
296,2026-05-28,木,1E,クリオ村,ーArchー,,,-,宴会,3,1,2026-05-29,resolved
297,2026-05-29,金,3A,アグリス祭壇,・殺戮・,,,,宴会,#N/A,#N/A,#N/A,pending_or_error
297,2026-05-29,金,2A,ナーガ抽出場,VainqueurJP,,,-,宴会,4,#N/A,#N/A,pending_or_error
297,2026-05-29,金,2B,オークキャンプ,PhoenixJP,,,-,-,#N/A,#N/A,#N/A,pending_or_error
297,2026-05-29,金,1A,北部採石場,義勇,,,統一,-,#N/A,#N/A,#N/A,pending_or_error
297,2026-05-29,金,1B,ハーピーの絶壁,FLORISTS,,,統一,宴会,1,#N/A,#N/A,pending_or_error
297,2026-05-29,金,1C,ブリの森,ーリベリオンー,,,-,-,#N/A,3,2026-06-01,pending_or_error
297,2026-05-29,金,1D,マンシャの森の奥,ーArchー,,,-,-,#N/A,6,2026-06-04,pending_or_error
297,2026-05-29,金,1E,廃鉄鉱山採掘場,柿一門,,,-,-,#N/A,3,2026-06-01,pending_or_error
299,2026-05-31,日,3A,デルニール農場,沙漠黑鷹,,,,-,0,7,2026-06-07,resolved
299,2026-05-31,日,2A,略奪の森,AlmaVivaJP,,,-,-,0,7,2026-06-07,resolved
299,2026-05-31,日,2B,忘却の地,RaиkSS,,,-,-,2,1,2026-06-01,resolved
299,2026-05-31,日,1A,ナーガ沼地,亗Luxúria亗,,,統一,-,0,7,2026-06-07,resolved
299,2026-05-31,日,1B,旧ダンデリオン,xAEGISx,,,統一,-,0,4,2026-06-04,resolved
299,2026-05-31,日,1C,捨てられた地,一惡人谷一,,,-,宴会,0,7,2026-06-07,resolved
299,2026-05-31,日,1D,ベア川下流,Restart,,,-,-,0,1,2026-06-01,resolved
299,2026-05-31,日,1E,アルティノ入り口,Revenant,,,-,宴会,0,7,2026-06-07,resolved
300,2026-06-01,月,3A,ルツム族駐屯地,RaиkSS,,,,宴会,0,7,2026-06-08,resolved
300,2026-06-01,月,3B,アト農場,雪狼族,,,,,0,7,2026-06-08,resolved
300,2026-06-01,月,2A,ベリア農場地帯,氣噗噗讓玻璃心碎一地,,,-,-,0,7,2026-06-08,resolved
300,2026-06-01,月,2B,ギュントの丘,シェイド,,,-,宴会,0,7,2026-06-08,resolved
300,2026-06-01,月,2C,高原地帯,MystSA,,,-,-,0,7,2026-06-08,resolved
300,2026-06-01,月,1A,隠遁の森,柿一門,,,統一,-,3,3,2026-06-04,resolved
300,2026-06-01,月,1B,エワズの丘,βυsнỉȉdo家族,,,統一,宴会,3,7,2026-06-08,resolved
300,2026-06-01,月,1C,廃城跡入り口,ーリベリオンー,,,-,-,0,7,2026-06-08,resolved
300,2026-06-01,月,1D,カイア渡し場,ーEspoirー,,,-,-,4,7,2026-06-08,resolved
300,2026-06-01,月,1E,カズラ農場,Restart,,,-,宴会,0,7,2026-06-08,resolved
303,2026-06-04,木,3A,北部大農場,PONYTAIL,,,,-,#N/A,#N/A,#N/A,pending_or_error
303,2026-06-04,木,2A,トロル防御基地,黄昏のえりしおん,,,-,宴会,3,#N/A,#N/A,pending_or_error
303,2026-06-04,木,2B,隠された修道院,PokemonGo,,,-,-,#N/A,#N/A,#N/A,pending_or_error
303,2026-06-04,木,2C,マルニの第2実験場,Döraêmön,,,-,宴会,#N/A,#N/A,#N/A,pending_or_error
303,2026-06-04,木,1A,アグリス平原,柿一門,,,-,-,#N/A,#N/A,#N/A,pending_or_error
303,2026-06-04,木,1B,リンチ農場廃墟,xAEGISx,,,-,宴会,#N/A,3,2026-06-07,pending_or_error
303,2026-06-04,木,1C,ブレディー砦,Kopitiam,,,統一,-,#N/A,#N/A,#N/A,pending_or_error
303,2026-06-04,木,1D,エントの森,Orzeca,,,-,宴会,#N/A,#N/A,#N/A,pending_or_error
303,2026-06-04,木,1E,クリオ村,ーArchー,,,統一,-,6,1,2026-06-05,resolved
304,2026-06-05,金,3A,アグリス祭壇,・殺戮・,,,,-,#N/A,#N/A,#N/A,pending_or_error
304,2026-06-05,金,2A,ナーガ抽出場,UnityJP,,,-,-,#N/A,3,2026-06-08,pending_or_error
304,2026-06-05,金,2B,オークキャンプ,PhoenixJP,,,-,-,#N/A,#N/A,#N/A,pending_or_error
304,2026-06-05,金,1A,北部採石場,義勇,,,-,-,#N/A,#N/A,#N/A,pending_or_error
304,2026-06-05,金,1B,ハーピーの絶壁,FLORISTS,,,-,-,#N/A,#N/A,#N/A,pending_or_error
304,2026-06-05,金,1C,ブリの森,ZirconiA,,,統一,宴会,4,#N/A,#N/A,pending_or_error
304,2026-06-05,金,1D,マンシャの森の奥,ーArchー,,,-,-,1,#N/A,#N/A,pending_or_error
304,2026-06-05,金,1E,廃鉄鉱山採掘場,Elemento,,,統一,-,4,#N/A,#N/A,pending_or_error
306,2026-06-07,日,3A,デルニール農場,沙漠黑鷹,,,,宴会,0,7,2026-06-14,resolved
306,2026-06-07,日,2A,略奪の森,xAEGISx,,,統一,-,0,7,2026-06-14,resolved
306,2026-06-07,日,2B,忘却の地,VainqueurJP,,,-,-,6,7,2026-06-14,resolved
306,2026-06-07,日,1A,ナーガ沼地,亗Luxúria亗,,,-,宴会,0,7,2026-06-14,resolved
306,2026-06-07,日,1B,旧ダンデリオン,黒の太陽,,,-,-,3,7,2026-06-14,resolved
306,2026-06-07,日,1C,捨てられた地,一惡人谷一,,,-,-,0,7,2026-06-14,resolved
306,2026-06-07,日,1D,ベア川下流,オアシスステップ,,,-,-,6,5,2026-06-12,resolved
306,2026-06-07,日,1E,アルティノ入り口,低調時尚,,,統一,-,0,7,2026-06-14,resolved
307,2026-06-08,月,3A,ルツム族駐屯地,RaиkSS,,,,-,0,7,2026-06-15,resolved
307,2026-06-08,月,3B,アト農場,雪狼族,,,,宴会,0,7,2026-06-15,resolved
307,2026-06-08,月,2A,ベリア農場地帯,UnityJP,,,-,宴会,0,7,2026-06-15,resolved
307,2026-06-08,月,2B,ギュントの丘,シェイド,,,-,-,0,7,2026-06-15,resolved
307,2026-06-08,月,2C,高原地帯,MystSA,,,統一,-,0,7,2026-06-15,resolved
307,2026-06-08,月,1A,隠遁の森,Revenant,,,-,-,4,3,2026-06-11,resolved
307,2026-06-08,月,1B,エワズの丘,βυsнỉȉdo家族,,,-,-,0,7,2026-06-15,resolved
307,2026-06-08,月,1C,廃城跡入り口,ーリベリオンー,,,統一,宴会,0,6,2026-06-14,resolved
307,2026-06-08,月,1D,カイア渡し場,ー麒麟ー,,,統一,-,0,7,2026-06-15,resolved
307,2026-06-08,月,1E,カズラ農場,Restart,,,-,-,0,4,2026-06-12,resolved
310,2026-06-11,木,3A,北部大農場,PONYTAIL,,,,宴会,#N/A,#N/A,#N/A,pending_or_error
310,2026-06-11,木,2A,トロル防御基地,黄昏のえりしおん,,,-,-,#N/A,#N/A,#N/A,pending_or_error
310,2026-06-11,木,2B,隠された修道院,PokemonGo,,,-,-,#N/A,#N/A,#N/A,pending_or_error
310,2026-06-11,木,2C,マルニの第2実験場,Döraêmön,,,-,-,#N/A,#N/A,#N/A,pending_or_error
310,2026-06-11,木,1A,アグリス平原,Revenant,,,-,-,#N/A,4,2026-06-15,pending_or_error
310,2026-06-11,木,1B,リンチ農場廃墟,Etërnîty,,,統一,-,4,#N/A,#N/A,pending_or_error
310,2026-06-11,木,1C,ブレディー砦,Kopitiam,,,-,宴会,#N/A,#N/A,#N/A,pending_or_error
310,2026-06-11,木,1D,エントの森,Orzeca,,,統一,-,#N/A,#N/A,#N/A,pending_or_error
310,2026-06-11,木,1E,クリオ村,Maverickz,,,-,-,6,1,2026-06-12,resolved
311,2026-06-12,金,3A,アグリス祭壇,・殺戮・,,,,-,#N/A,#N/A,#N/A,pending_or_error
311,2026-06-12,金,2A,ナーガ抽出場,氣噗噗讓玻璃心碎一地,,,-,-,4,6,2026-06-18,resolved
311,2026-06-12,金,2B,オークキャンプ,PhoenixJP,,,-,宴会,#N/A,3,2026-06-15,pending_or_error
311,2026-06-12,金,1A,北部採石場,義勇,,,-,-,#N/A,2,2026-06-14,pending_or_error
311,2026-06-12,金,1B,ハーピーの絶壁,オアシスステップ,,,統一,-,#N/A,#N/A,#N/A,pending_or_error
311,2026-06-12,金,1C,ブリの森,ZirconiA,,,-,-,#N/A,6,2026-06-18,pending_or_error
311,2026-06-12,金,1D,マンシャの森の奥,Maverickz,,,統一,宴会,#N/A,6,2026-06-18,pending_or_error
311,2026-06-12,金,1E,廃鉄鉱山採掘場,Restart,,,-,宴会,#N/A,#N/A,#N/A,pending_or_error
313,2026-06-14,日,3A,デルニール農場,沙漠黑鷹,,,,-,0,7,2026-06-21,resolved
313,2026-06-14,日,2A,略奪の森,TRAITORs,,,-,-,0,7,2026-06-21,resolved
313,2026-06-14,日,2B,忘却の地,VainqueurJP,,,-,宴会,0,7,2026-06-21,resolved
313,2026-06-14,日,1A,ナーガ沼地,亗Luxúria亗,,,-,-,0,7,2026-06-21,resolved
313,2026-06-14,日,1B,旧ダンデリオン,ーリベリオンー,,,-,宴会,0,1,2026-06-15,resolved
313,2026-06-14,日,1C,捨てられた地,一惡人谷一,,,-,-,0,7,2026-06-21,resolved
313,2026-06-14,日,1D,ベア川下流,義勇,,,統一,宴会,2,5,2026-06-19,resolved
313,2026-06-14,日,1E,アルティノ入り口,MÏRÃGË,,,-,-,0,7,2026-06-21,resolved
314,2026-06-15,月,3A,ルツム族駐屯地,RaиkSS,,,,-,0,3,2026-06-18,resolved
314,2026-06-15,月,3B,アト農場,雪狼族,,,,-,0,#N/A,#N/A,pending_or_error
314,2026-06-15,月,2A,ベリア農場地帯,UnityJP,,,-,-,0,#N/A,#N/A,pending_or_error
314,2026-06-15,月,2B,ギュントの丘,PhoenixJP,,,-,-,0,#N/A,#N/A,pending_or_error
314,2026-06-15,月,2C,高原地帯,MystSA,,,-,宴会,0,#N/A,#N/A,pending_or_error
314,2026-06-15,月,1A,隠遁の森,Revenant,,,-,-,4,6,2026-06-21,resolved
314,2026-06-15,月,1B,エワズの丘,ーリベリオンー,,,-,宴会,0,#N/A,#N/A,pending_or_error
314,2026-06-15,月,1C,廃城跡入り口,SERENITY,,,-,-,1,#N/A,#N/A,pending_or_error
314,2026-06-15,月,1D,カイア渡し場,FLORISTS,,,-,宴会,0,#N/A,#N/A,pending_or_error
314,2026-06-15,月,1E,カズラ農場,Elemento,,,統一,-,3,6,2026-06-21,resolved
317,2026-06-18,木,3A,北部大農場,RaиkSS,,,,-,#N/A,4,2026-06-22,pending_or_error
317,2026-06-18,木,2A,トロル防御基地,黄昏のえりしおん,,,-,-,#N/A,#N/A,#N/A,pending_or_error
317,2026-06-18,木,2B,隠された修道院,氣噗噗讓玻璃心碎一地,,,-,宴会,#N/A,#N/A,#N/A,pending_or_error
317,2026-06-18,木,2C,マルニの第2実験場,Döraêmön,,,-,-,#N/A,#N/A,#N/A,pending_or_error
317,2026-06-18,木,1A,アグリス平原,微笑Party,,,統一,宴会,3,#N/A,#N/A,pending_or_error
317,2026-06-18,木,1B,リンチ農場廃墟,ZirconiA,,,-,-,#N/A,4,2026-06-22,pending_or_error
317,2026-06-18,木,1C,ブレディー砦,Kopitiam,,,統一,-,#N/A,#N/A,#N/A,pending_or_error
317,2026-06-18,木,1D,エントの森,Orzeca,,,-,-,#N/A,#N/A,#N/A,pending_or_error
317,2026-06-18,木,1E,クリオ村,Maverickz,,,-,-,6,1,2026-06-19,resolved
318,2026-06-19,金,3A,アグリス祭壇,・殺戮・,,,,宴会,#N/A,#N/A,#N/A,pending_or_error
318,2026-06-19,金,2A,ナーガ抽出場,Maverickz,,,統一,-,1,#N/A,#N/A,pending_or_error
318,2026-06-19,金,1A,北部採石場,義勇,,,統一,宴会,5,#N/A,#N/A,pending_or_error
318,2026-06-19,金,1B,ハーピーの絶壁,黒の太陽,,,-,-,#N/A,#N/A,#N/A,pending_or_error
318,2026-06-19,金,1C,ブリの森,柿一門,,,-,-,1,6,2026-06-25,resolved
318,2026-06-19,金,1D,マンシャの森の奥,ーArchー,,,-,-,1,3,2026-06-22,resolved
318,2026-06-19,金,1E,廃鉄鉱山採掘場,Restart,,,-,-,#N/A,#N/A,#N/A,pending_or_error
320,2026-06-21,日,3A,デルニール農場,沙漠黑鷹,,,,宴会,0,7,2026-06-28,resolved
320,2026-06-21,日,2B,忘却の地,TRAITORs,,,-,-,0,7,2026-06-28,resolved
320,2026-06-21,日,1A,ナーガ沼地,亗Luxúria亗,,,統一,-,0,7,2026-06-28,resolved
320,2026-06-21,日,1B,旧ダンデリオン,シェイド,,,統一,-,6,4,2026-06-25,resolved
320,2026-06-21,日,1C,捨てられた地,Elemento,,,統一,宴会,0,7,2026-06-28,resolved
320,2026-06-21,日,1D,ベア川下流,xAEGISx,,,-,-,2,5,2026-06-26,resolved
320,2026-06-21,日,1E,アルティノ入り口,Revenant,,,-,宴会,0,1,2026-06-22,resolved
321,2026-06-22,月,3A,ルツム族駐屯地,RaиkSS,,,,宴会,4,3,2026-06-25,resolved
321,2026-06-22,月,3B,アト農場,雪狼族,,,,宴会,#N/A,7,2026-06-29,pending_or_error
321,2026-06-22,月,2A,ベリア農場地帯,UnityJP,,,-,-,#N/A,7,2026-06-29,pending_or_error
321,2026-06-22,月,2B,ギュントの丘,ーArchー,,,-,-,#N/A,7,2026-06-29,pending_or_error
321,2026-06-22,月,2C,高原地帯,MystSA,,,-,-,#N/A,7,2026-06-29,pending_or_error
321,2026-06-22,月,1A,隠遁の森,Revenant,,,-,宴会,1,7,2026-06-29,resolved
321,2026-06-22,月,1B,エワズの丘,ムpocalypse,,,統一,-,#N/A,7,2026-06-29,pending_or_error
321,2026-06-22,月,1C,廃城跡入り口,ZirconiA,,,-,-,#N/A,7,2026-06-29,pending_or_error
321,2026-06-22,月,1D,カイア渡し場,FLORISTS,,,-,-,#N/A,7,2026-06-29,pending_or_error
321,2026-06-22,月,1E,カズラ農場,βυsнỉȉdo家族,,,-,宴会,1,7,2026-06-29,resolved
324,2026-06-25,木,3A,北部大農場,RaиkSS,,,,-,3,4,2026-06-29,resolved
324,2026-06-25,木,2A,トロル防御基地,シェイド,,,-,宴会,#N/A,4,2026-06-29,pending_or_error
324,2026-06-25,木,2B,隠された修道院,氣噗噗讓玻璃心碎一地,,,-,-,#N/A,#N/A,#N/A,pending_or_error
324,2026-06-25,木,2C,マルニの第2実験場,PhoenixJP,,,-,宴会,#N/A,#N/A,#N/A,pending_or_error
324,2026-06-25,木,1A,アグリス平原,柿一門,,,-,-,#N/A,#N/A,#N/A,pending_or_error
324,2026-06-25,木,1B,リンチ農場廃墟,一惡人谷一,,,-,-,3,#N/A,#N/A,pending_or_error
324,2026-06-25,木,1C,ブレディー砦,Kopitiam,,,-,-,#N/A,#N/A,#N/A,pending_or_error
324,2026-06-25,木,1D,エントの森,Orzeca,,,-,宴会,#N/A,#N/A,#N/A,pending_or_error
324,2026-06-25,木,1E,クリオ村,cobraXverse,,,統一,宴会,6,#N/A,#N/A,pending_or_error
325,2026-06-26,金,3A,アグリス祭壇,・殺戮・,,,,-,#N/A,#N/A,#N/A,pending_or_error
325,2026-06-26,金,2A,ナーガ抽出場,Döraêmön,,,-,宴会,#N/A,#N/A,#N/A,pending_or_error
325,2026-06-26,金,2B,オークキャンプ,美孚冰室,,,統一,-,#N/A,#N/A,#N/A,pending_or_error
325,2026-06-26,金,1A,北部採石場,義勇,,,-,-,#N/A,6,2026-07-02,pending_or_error
325,2026-06-26,金,1B,ハーピーの絶壁,xAEGISx,,,-,宴会,#N/A,3,2026-06-29,pending_or_error
325,2026-06-26,金,1C,ブリの森,一SUN一,,,統一,-,1,#N/A,#N/A,pending_or_error
325,2026-06-26,金,1E,廃鉄鉱山採掘場,Restart,,,統一,-,#N/A,3,2026-06-29,pending_or_error
327,2026-06-28,日,3A,デルニール農場,沙漠黑鷹,,,,-,0,7,2026-07-05,resolved
327,2026-06-28,日,2A,略奪の森,VainqueurJP,,,-,-,0,7,2026-07-05,resolved
327,2026-06-28,日,2B,忘却の地,TRAITORs,,,-,-,0,5,2026-07-03,resolved
327,2026-06-28,日,1A,ナーガ沼地,亗Luxúria亗,,,-,-,0,7,2026-07-05,resolved
327,2026-06-28,日,1B,旧ダンデリオン,黒の太陽,,,-,-,3,7,2026-07-05,resolved
327,2026-06-28,日,1C,捨てられた地,Elemento,,,-,-,0,7,2026-07-05,resolved
327,2026-06-28,日,1D,ベア川下流,ー麒麟ー,,,統一,宴会,2,7,2026-07-05,resolved
327,2026-06-28,日,1E,アルティノ入り口,Maverickz,,,統一,-,6,7,2026-07-05,resolved
328,2026-06-29,月,3A,ルツム族駐屯地,RaиkSS,,,,-,4,3,2026-07-02,resolved
328,2026-06-29,月,3B,アト農場,雪狼族,,,,-,0,7,2026-07-06,resolved
328,2026-06-29,月,2A,ベリア農場地帯,UnityJP,,,-,-,0,3,2026-07-02,resolved
328,2026-06-29,月,2B,ギュントの丘,シェイド,,,-,宴会,0,7,2026-07-06,resolved
328,2026-06-29,月,2C,高原地帯,MystSA,,,-,-,0,7,2026-07-06,resolved
328,2026-06-29,月,1A,隠遁の森,黄昏のえりしおん,,,統一,-,0,4,2026-07-03,resolved
328,2026-06-29,月,1B,エワズの丘,ーリベリオンー,,,-,-,0,6,2026-07-05,resolved
328,2026-06-29,月,1C,廃城跡入り口,xAEGISx,,,統一,宴会,0,7,2026-07-06,resolved
328,2026-06-29,月,1D,カイア渡し場,FLORISTS,,,統一,-,0,7,2026-07-06,resolved
328,2026-06-29,月,1E,カズラ農場,Restart,,,-,-,0,7,2026-07-06,resolved
331,2026-07-02,木,3A,北部大農場,RaиkSS,,,,宴会,3,#N/A,#N/A,pending_or_error
331,2026-07-02,木,2A,トロル防御基地,UnityJP,,,-,-,3,1,2026-07-03,resolved
331,2026-07-02,木,2B,隠された修道院,義勇,,,統一,-,#N/A,#N/A,#N/A,pending_or_error
331,2026-07-02,木,2C,マルニの第2実験場,PhoenixJP,,,-,-,#N/A,#N/A,#N/A,pending_or_error
331,2026-07-02,木,1A,アグリス平原,Revenant,,,-,-,#N/A,3,2026-07-05,pending_or_error
331,2026-07-02,木,1B,リンチ農場廃墟,一惡人谷一,,,統一,宴会,#N/A,#N/A,#N/A,pending_or_error
331,2026-07-02,木,1C,ブレディー砦,Kopitiam,,,-,-,#N/A,#N/A,#N/A,pending_or_error
331,2026-07-02,木,1D,エントの森,Orzeca,,,統一,-,#N/A,#N/A,#N/A,pending_or_error
331,2026-07-02,木,1E,クリオ村,ーArchー,,,-,-,#N/A,#N/A,#N/A,pending_or_error
332,2026-07-03,金,3A,アグリス祭壇,・殺戮・,,,,宴会,#N/A,#N/A,#N/A,pending_or_error
332,2026-07-03,金,2A,ナーガ抽出場,UnityJP,,,-,-,#N/A,#N/A,#N/A,pending_or_error
332,2026-07-03,金,2B,オークキャンプ,TRAITORs,,,-,宴会,#N/A,2,2026-07-05,pending_or_error
332,2026-07-03,金,1A,北部採石場,黄昏のえりしおん,,,-,-,1,#N/A,#N/A,pending_or_error
332,2026-07-03,金,1B,ハーピーの絶壁,オアシスステップ,,,統一,-,4,#N/A,#N/A,pending_or_error
332,2026-07-03,金,1C,ブリの森,一SUN一,,,-,宴会,#N/A,#N/A,#N/A,pending_or_error
332,2026-07-03,金,1D,マンシャの森の奥,cobraXverse,,,-,-,#N/A,#N/A,#N/A,pending_or_error
332,2026-07-03,金,1E,廃鉄鉱山採掘場,柿一門,,,-,宴会,4,#N/A,#N/A,pending_or_error
334,2026-07-05,日,3A,デルニール農場,沙漠黑鷹,,,,-,0,7,2026-07-12,resolved
334,2026-07-05,日,2A,略奪の森,海洋之心,,,-,-,0,7,2026-07-12,resolved
334,2026-07-05,日,2B,忘却の地,TRAITORs,,,-,宴会,2,5,2026-07-10,resolved
334,2026-07-05,日,1A,ナーガ沼地,亗Luxúria亗,,,統一,-,0,7,2026-07-12,resolved
334,2026-07-05,日,1B,旧ダンデリオン,黒の太陽,,,-,宴会,0,7,2026-07-12,resolved
334,2026-07-05,日,1C,捨てられた地,ーリベリオンー,,,-,宴会,0,1,2026-07-06,resolved
334,2026-07-05,日,1D,ベア川下流,ー麒麟ー,,,-,-,0,7,2026-07-12,resolved
334,2026-07-05,日,1E,アルティノ入り口,Revenant,,,-,-,0,7,2026-07-12,resolved
335,2026-07-06,月,3A,ルツム族駐屯地,常悪魔遇到殺手猫,,,,宴会,4,7,2026-07-13,resolved
335,2026-07-06,月,3B,アト農場,雪狼族,,,,-,0,7,2026-07-13,resolved
335,2026-07-06,月,2A,ベリア農場地帯,PONYTAIL,,,-,宴会,4,3,2026-07-09,resolved
335,2026-07-06,月,2B,ギュントの丘,微笑Party,,,統一,-,0,7,2026-07-13,resolved
335,2026-07-06,月,2C,高原地帯,MystSA,,,-,-,0,7,2026-07-13,resolved
335,2026-07-06,月,1A,隠遁の森,RëBîrth,,,-,-,3,7,2026-07-13,resolved
335,2026-07-06,月,1B,エワズの丘,ZirconiA,,,-,宴会,1,7,2026-07-13,resolved
335,2026-07-06,月,1C,廃城跡入り口,ーリベリオンー,,,-,-,0,7,2026-07-13,resolved
335,2026-07-06,月,1D,カイア渡し場,FLORISTS,,,-,宴会,0,7,2026-07-13,resolved
335,2026-07-06,月,1E,カズラ農場,Elemento,,,統一,-,0,7,2026-07-13,resolved
338,2026-07-09,木,3A,北部大農場,PONYTAIL,,,,-,#N/A,4,2026-07-13,pending_or_error
338,2026-07-09,木,2A,トロル防御基地,xAEGISx,,,-,-,6,#N/A,#N/A,pending_or_error
338,2026-07-09,木,2B,隠された修道院,Pandora,,,-,宴会,#N/A,#N/A,#N/A,pending_or_error
338,2026-07-09,木,2C,マルニの第2実験場,PhoenixJP,,,-,-,#N/A,#N/A,#N/A,pending_or_error
338,2026-07-09,木,1A,アグリス平原,ムpocalypse,,,統一,宴会,4,#N/A,#N/A,pending_or_error
338,2026-07-09,木,1B,リンチ農場廃墟,一惡人谷一,,,-,-,#N/A,#N/A,#N/A,pending_or_error
338,2026-07-09,木,1C,ブレディー砦,Kopitiam,,,統一,宴会,#N/A,#N/A,#N/A,pending_or_error
338,2026-07-09,木,1D,エントの森,Orzeca,,,-,-,#N/A,1,2026-07-10,pending_or_error
338,2026-07-09,木,1E,クリオ村,ーArchー,,,-,-,#N/A,4,2026-07-13,pending_or_error
339,2026-07-10,金,3A,アグリス祭壇,・殺戮・,,,,-,#N/A,#N/A,#N/A,pending_or_error
339,2026-07-10,金,2A,ナーガ抽出場,UnityJP,,,-,-,#N/A,#N/A,#N/A,pending_or_error
339,2026-07-10,金,2B,オークキャンプ,TRAITORs,,,-,-,5,#N/A,#N/A,pending_or_error
339,2026-07-10,金,1A,北部採石場,黄昏のえりしおん,,,統一,-,#N/A,#N/A,#N/A,pending_or_error
339,2026-07-10,金,1B,ハーピーの絶壁,シェイド,,,-,-,#N/A,2,2026-07-12,pending_or_error
339,2026-07-10,金,1C,ブリの森,Orzeca,,,-,-,#N/A,#N/A,#N/A,pending_or_error
339,2026-07-10,金,1D,マンシャの森の奥,Döraêmön,,,統一,-,#N/A,#N/A,#N/A,pending_or_error
339,2026-07-10,金,1E,廃鉄鉱山採掘場,Restart,,,-,-,#N/A,#N/A,#N/A,pending_or_error
341,2026-07-12,日,3A,デルニール農場,沙漠黑鷹,,,,宴会,0,7,2026-07-19,resolved
341,2026-07-12,日,2A,略奪の森,毛家村,,,-,宴会,0,7,2026-07-19,resolved
341,2026-07-12,日,2B,忘却の地,RaиkSS,,,-,-,2,4,2026-07-16,resolved
341,2026-07-12,日,1A,ナーガ沼地,亗Luxúria亗,,,-,宴会,0,7,2026-07-19,resolved
341,2026-07-12,日,1B,旧ダンデリオン,シェイド,,,統一,-,0,1,2026-07-13,resolved
341,2026-07-12,日,1C,捨てられた地,オアシスステップ,,,統一,-,6,7,2026-07-19,resolved
341,2026-07-12,日,1D,ベア川下流,ー麒麟ー,,,-,-,0,7,2026-07-19,resolved
341,2026-07-12,日,1E,アルティノ入り口,Revenant,,,統一,-,0,7,2026-07-19,resolved
342,2026-07-13,月,3A,ルツム族駐屯地,常悪魔遇到殺手猫,,,,-,0,7,2026-07-20,resolved
342,2026-07-13,月,3B,アト農場,雪狼族,,,,宴会,0,7,2026-07-20,resolved
342,2026-07-13,月,2A,ベリア農場地帯,PONYTAIL,,,-,-,4,3,2026-07-16,resolved
342,2026-07-13,月,2B,ギュントの丘,ーArchー,,,-,-,0,7,2026-07-20,resolved
342,2026-07-13,月,2C,高原地帯,RaиkSS,,,-,宴会,0,3,2026-07-16,resolved
342,2026-07-13,月,1A,隠遁の森,Maverickz,,,-,-,0,7,2026-07-20,resolved
342,2026-07-13,月,1B,エワズの丘,一SUN一,,,統一,-,0,7,2026-07-20,resolved
342,2026-07-13,月,1C,廃城跡入り口,ーリベリオンー,,,-,-,0,3,2026-07-16,resolved
342,2026-07-13,月,1D,カイア渡し場,シェイド,,,-,-,0,4,2026-07-17,resolved
342,2026-07-13,月,1E,カズラ農場,cobraXverse ,,,-,宴会,0,7,2026-07-20,resolved
345,2026-07-16,木,3A,北部大農場,PONYTAIL,,,,宴会,3,#N/A,#N/A,pending_or_error
345,2026-07-16,木,2A,トロル防御基地,黒の太陽,,,-,-,#N/A,#N/A,#N/A,pending_or_error
345,2026-07-16,木,2B,隠された修道院,RaиkSS,,,-,-,#N/A,1,2026-07-17,pending_or_error
345,2026-07-16,木,2C,マルニの第2実験場,Döraêmön,,,統一,宴会,#N/A,#N/A,#N/A,pending_or_error
345,2026-07-16,木,1A,アグリス平原,柿一門,,,-,-,#N/A,#N/A,#N/A,pending_or_error
345,2026-07-16,木,1B,リンチ農場廃墟,一惡人谷一,,,統一,-,#N/A,#N/A,#N/A,pending_or_error
345,2026-07-16,木,1C,ブレディー砦,Kopitiam,,,-,-,#N/A,#N/A,#N/A,pending_or_error
345,2026-07-16,木,1D,エントの森,ーリベリオンー,,,-,宴会,6,#N/A,#N/A,pending_or_error
345,2026-07-16,木,1E,クリオ村,PokemonGo,,,-,宴会,3,#N/A,#N/A,pending_or_error
346,2026-07-17,金,3A,アグリス祭壇,・殺戮・,,,,-,#N/A,2,2026-07-19,pending_or_error
346,2026-07-17,金,2A,ナーガ抽出場,VainqueurJP,,,-,宴会,#N/A,3,2026-07-20,pending_or_error
346,2026-07-17,金,2B,オークキャンプ,RaиkSS,,,-,-,#N/A,6,2026-07-23,pending_or_error
346,2026-07-17,金,1A,北部採石場,黄昏のえりしおん,,,-,宴会,#N/A,#N/A,#N/A,pending_or_error
346,2026-07-17,金,1B,ハーピーの絶壁,シェイド,,,-,宴会,5,3,2026-07-20,resolved
346,2026-07-17,金,1C,ブリの森,βυsнỉȉdo家族,,,統一,-,#N/A,#N/A,#N/A,pending_or_error
346,2026-07-17,金,1D,マンシャの森の奥,Elemento,,,統一,-,#N/A,#N/A,#N/A,pending_or_error
346,2026-07-17,金,1E,廃鉄鉱山採掘場,MelonEmpire,,,統一,-,#N/A,3,2026-07-20,pending_or_error
348,2026-07-19,日,3A,デルニール農場,・殺戮・,,,,-,0,7,2026-07-26,resolved
348,2026-07-19,日,2A,略奪の森,雲淡風輕o,,,-,-,0,7,2026-07-26,resolved
348,2026-07-19,日,2B,忘却の地,TRAITORs,,,-,-,3,5,2026-07-24,resolved
348,2026-07-19,日,1A,ナーガ沼地,亗Luxúria亗,,,,,0,7,2026-07-26,resolved
348,2026-07-19,日,1B,旧ダンデリオン,SERENITY,,,-,-,6,4,2026-07-23,resolved
348,2026-07-19,日,1C,捨てられた地,オアシスステップ,,,-,-,0,7,2026-07-26,resolved
348,2026-07-19,日,1D,ベア川下流,ー麒麟ー,,,統一,-,0,7,2026-07-26,resolved
348,2026-07-19,日,1E,アルティノ入り口,微笑Party,,,-,宴会,0,7,2026-07-26,resolved
349,2026-07-20,月,3A,ルツム族駐屯地,常悪魔遇到殺手猫,,,,-,0,7,2026-07-27,resolved
349,2026-07-20,月,3B,アト農場,雪狼族,,,,-,0,7,2026-07-27,resolved
349,2026-07-20,月,2A,ベリア農場地帯,VainqueurJP,,,-,-,4,7,2026-07-27,resolved
349,2026-07-20,月,2B,ギュントの丘,PhoenixJP,,,-,宴会,0,7,2026-07-27,resolved
349,2026-07-20,月,2C,高原地帯,x,,,-,-,4,x,x,sentinel_x
349,2026-07-20,月,1A,隠遁の森,ZirconiA,,,統一,宴会,0,4,2026-07-24,resolved
349,2026-07-20,月,1B,エワズの丘,一SUN一,,,-,-,0,7,2026-07-27,resolved
349,2026-07-20,月,1C,廃城跡入り口,氣噗噗讓玻璃心碎一地,,,-,-,4,7,2026-07-27,resolved
349,2026-07-20,月,1D,カイア渡し場,シェイド,,,統一,-,3,6,2026-07-26,resolved
349,2026-07-20,月,1E,カズラ農場,MelonEmpire,,,統一,-,0,7,2026-07-27,resolved
352,2026-07-23,木,3A,北部大農場,PONYTAIL,,,,-,#N/A,#N/A,#N/A,pending_or_error
352,2026-07-23,木,2A,トロル防御基地,RaиkSS,,,-,宴会,#N/A,#N/A,#N/A,pending_or_error
352,2026-07-23,木,2B,隠された修道院,SERENITY,,,-,-,6,#N/A,#N/A,pending_or_error
352,2026-07-23,木,2C,マルニの第2実験場,Döraêmön,,,-,-,#N/A,#N/A,#N/A,pending_or_error
352,2026-07-23,木,1A,アグリス平原,柿一門,,,統一,-,#N/A,1,2026-07-24,pending_or_error
352,2026-07-23,木,1B,リンチ農場廃墟,一惡人谷一,,,-,宴会,#N/A,#N/A,#N/A,pending_or_error
352,2026-07-23,木,1C,ブレディー砦,Kopitiam,,,統一,-,#N/A,#N/A,#N/A,pending_or_error
352,2026-07-23,木,1D,エントの森,ーリベリオンー,,,-,-,#N/A,#N/A,#N/A,pending_or_error
352,2026-07-23,木,1E,クリオ村,PokemonGo,,,-,-,#N/A,#N/A,#N/A,pending_or_error
353,2026-07-24,金,3A,アグリス祭壇,沙漠黑鷹,,,,宴会,5,#N/A,#N/A,pending_or_error
353,2026-07-24,金,2A,ナーガ抽出場,UnityJP,,,-,-,4,3,2026-07-27,resolved
353,2026-07-24,金,2B,オークキャンプ,TRAITORs,,,,,1,#N/A,#N/A,pending_or_error
353,2026-07-24,金,1A,北部採石場,義勇,,,-,-,#N/A,6,2026-07-30,pending_or_error
353,2026-07-24,金,1B,ハーピーの絶壁,FLORISTS,,,統一,-,4,#N/A,#N/A,pending_or_error
353,2026-07-24,金,1C,ブリの森,ZirconiA,,,-,宴会,#N/A,3,2026-07-27,pending_or_error
353,2026-07-24,金,1D,マンシャの森の奥,ーArchー,,,-,-,#N/A,#N/A,#N/A,pending_or_error
353,2026-07-24,金,1E,廃鉄鉱山採掘場,柿一門,,,-,宴会,4,2,2026-07-26,resolved
355,2026-07-26,日,3A,デルニール農場,・殺戮・,,,,宴会,0,5,2026-07-31,resolved
355,2026-07-26,日,2A,略奪の森,MystSA,,,-,-,0,7,2026-08-02,resolved
355,2026-07-26,日,2B,忘却の地,Revenant,,,統一,宴会,2,7,2026-08-02,resolved
355,2026-07-26,日,1A,ナーガ沼地,亗Luxúria亗,,,-,-,0,7,2026-08-02,resolved
355,2026-07-26,日,1B,旧ダンデリオン,シェイド,,,-,宴会,3,1,2026-07-27,resolved
355,2026-07-26,日,1C,捨てられた地,オアシスステップ,,,統一,-,0,7,2026-08-02,resolved
355,2026-07-26,日,1D,ベア川下流,柿一門,,,-,宴会,0,4,2026-07-30,resolved
355,2026-07-26,日,1E,アルティノ入り口,微笑Party,,,-,-,0,7,2026-08-02,resolved
356,2026-07-27,月,3A,ルツム族駐屯地,常悪魔遇到殺手猫,,,,宴会,0,7,2026-08-03,resolved
356,2026-07-27,月,3B,アト農場,雪狼族,,,,宴会,0,7,2026-08-03,resolved
356,2026-07-27,月,2A,ベリア農場地帯,VainqueurJP,,,統一,宴会,0,3,2026-07-30,resolved
356,2026-07-27,月,2B,ギュントの丘,UnityJP,,,-,-,0,4,2026-07-31,resolved
356,2026-07-27,月,2C,高原地帯,微笑Party,,,-,宴会,11,7,2026-08-03,resolved
356,2026-07-27,月,1A,隠遁の森,ZirconiA,,,-,-,3,7,2026-08-03,resolved
356,2026-07-27,月,1B,エワズの丘,Orzeca,,,統一,-,0,7,2026-08-03,resolved
356,2026-07-27,月,1C,廃城跡入り口,氣噗噗讓玻璃心碎一地,,,-,宴会,0,7,2026-08-03,resolved
356,2026-07-27,月,1D,カイア渡し場,シェイド,,,-,宴会,1,7,2026-08-03,resolved
356,2026-07-27,月,1E,カズラ農場,Restart,,,-,-,0,7,2026-08-03,resolved
359,2026-07-30,木,3A,北部大農場,VainqueurJP,,,,-,#N/A,#N/A,#N/A,pending_or_error
359,2026-07-30,木,2A,トロル防御基地,RaиkSS,,,-,-,#N/A,3,2026-08-02,pending_or_error
359,2026-07-30,木,2B,隠された修道院,義勇,,,-,-,#N/A,#N/A,#N/A,pending_or_error
359,2026-07-30,木,2C,マルニの第2実験場,PhoenixJP,,,-,-,#N/A,#N/A,#N/A,pending_or_error
359,2026-07-30,木,1A,アグリス平原,柿一門,,,-,宴会,6,#N/A,#N/A,pending_or_error
359,2026-07-30,木,1B,リンチ農場廃墟,xAEGISx,,,統一,-,#N/A,#N/A,#N/A,pending_or_error
359,2026-07-30,木,1C,ブレディー砦,Kopitiam,,,-,宴会,#N/A,#N/A,#N/A,pending_or_error
359,2026-07-30,木,1D,エントの森,一SUN一,,,-,-,#N/A,#N/A,#N/A,pending_or_error
359,2026-07-30,木,1E,クリオ村,PokemonGo,,,-,-,#N/A,#N/A,#N/A,pending_or_error
360,2026-07-31,金,3A,アグリス祭壇,・殺戮・,,,,-,#N/A,#N/A,#N/A,pending_or_error
360,2026-07-31,金,2A,ナーガ抽出場,UnityJP,,,-,-,4,3,2026-08-03,resolved
360,2026-07-31,金,2B,オークキャンプ,TRAITORs,,,-,宴会,#N/A,2,2026-08-02,pending_or_error
360,2026-07-31,金,1A,北部採石場,ーEspoirー,,,-,-,1,2,2026-08-02,resolved
360,2026-07-31,金,1B,ハーピーの絶壁,FLORISTS,,,-,-,#N/A,#N/A,#N/A,pending_or_error
360,2026-07-31,金,1D,マンシャの森の奥,ーArchー,,,統一,宴会,#N/A,#N/A,#N/A,pending_or_error
360,2026-07-31,金,1E,廃鉄鉱山採掘場,ムpocalypse,,,統一,-,5,#N/A,#N/A,pending_or_error
362,2026-08-02,日,3A,デルニール農場,沙漠黑鷹,,,,-,2,7,2026-08-09,resolved
362,2026-08-02,日,2A,略奪の森,RaиkSS,,,-,-,0,4,2026-08-06,resolved
362,2026-08-02,日,2B,忘却の地,TRAITORs,,,-,-,0,1,2026-08-03,resolved
362,2026-08-02,日,1A,ナーガ沼地,MelonEmpire,,,-,-,0,7,2026-08-09,resolved
362,2026-08-02,日,1B,旧ダンデリオン,黄昏のえりしおん,,,-,-,6,7,2026-08-09,resolved
362,2026-08-02,日,1C,捨てられた地,オアシスステップ,,,-,宴会,0,5,2026-08-07,resolved
362,2026-08-02,日,1D,ベア川下流,ーEspoirー,,,統一,-,3,7,2026-08-09,resolved
362,2026-08-02,日,1E,アルティノ入り口,Elemento,,,統一,-,0,4,2026-08-06,resolved
363,2026-08-03,月,3A,ルツム族駐屯地,TRAITORs,,,,-,0,7,2026-08-10,resolved
363,2026-08-03,月,3B,アト農場,雪狼族,,,,-,0,7,2026-08-10,resolved
363,2026-08-03,月,2A,ベリア農場地帯,Maverickz,,,-,-,4,4,2026-08-07,resolved
363,2026-08-03,月,2B,ギュントの丘,UnityJP,,,-,-,3,3,2026-08-06,resolved
366,2026-08-06,木,3A,北部大農場,VainqueurJP,,,,宴会,#N/A,#N/A,#N/A,pending_or_error
366,2026-08-06,木,2A,トロル防御基地,UnityJP,,,-,-,4,4,2026-08-10,resolved
366,2026-08-06,木,2B,隠された修道院,RaиkSS,,,-,宴会,#N/A,3,2026-08-09,pending_or_error
366,2026-08-06,木,2C,マルニの第2実験場,PhoenixJP,,,統一,-,#N/A,#N/A,#N/A,pending_or_error
366,2026-08-06,木,1A,アグリス平原,Elemento,,,統一,-,#N/A,#N/A,#N/A,pending_or_error
366,2026-08-06,木,1B,リンチ農場廃墟,一惡人谷一,,,-,-,#N/A,#N/A,#N/A,pending_or_error
366,2026-08-06,木,1C,ブレディー砦,Kopitiam,,,-,-,#N/A,4,2026-08-10,pending_or_error
366,2026-08-06,木,1D,エントの森,一SUN一,,,統一,宴会,#N/A,#N/A,#N/A,pending_or_error
366,2026-08-06,木,1E,クリオ村,PokemonGo,,,-,宴会,#N/A,#N/A,#N/A,pending_or_error
367,2026-08-07,金,3A,アグリス祭壇,・殺戮・,,,,宴会,#N/A,#N/A,#N/A,pending_or_error
367,2026-08-07,金,2A,ナーガ抽出場,Maverickz,,,-,宴会,4,#N/A,#N/A,pending_or_error
367,2026-08-07,金,2B,オークキャンプ,美孚冰室,,,-,-,5,#N/A,#N/A,pending_or_error
367,2026-08-07,金,1A,北部採石場,オアシスステップ,,,統一,宴会,5,#N/A,#N/A,pending_or_error
367,2026-08-07,金,1B,ハーピーの絶壁,FLORISTS,,,-,-,#N/A,6,2026-08-13,pending_or_error
367,2026-08-07,金,1C,ブリの森,亗Luxúria亗,,,-,-,#N/A,#N/A,#N/A,pending_or_error
367,2026-08-07,金,1D,マンシャの森の奥,ーArchー,,,-,-,#N/A,2,2026-08-09,pending_or_error
367,2026-08-07,金,1E,廃鉄鉱山採掘場,Restart,,,-,-,#N/A,#N/A,#N/A,pending_or_error
369,2026-08-09,日,3A,デルニール農場,沙漠黑鷹,,,,-,0,7,2026-08-16,resolved
369,2026-08-09,日,2A,略奪の森,RaиkSS,,,-,宴会,3,4,2026-08-13,resolved
369,2026-08-09,日,2B,忘却の地,海洋之心,,,-,-,6,7,2026-08-16,resolved
369,2026-08-09,日,1A,ナーガ沼地,ムpocalypse,,,統一,宴会,0,7,2026-08-16,resolved
369,2026-08-09,日,1B,旧ダンデリオン,ーArchー,,,統一,-,0,7,2026-08-16,resolved
369,2026-08-09,日,1C,捨てられた地,ーリベリオンー,,,-,-,2,7,2026-08-16,resolved
369,2026-08-09,日,1D,ベア川下流,義勇,,,-,-,0,7,2026-08-16,resolved
369,2026-08-09,日,1E,アルティノ入り口,黒の太陽,,,-,宴会,3,7,2026-08-16,resolved
370,2026-08-10,月,3A,ルツム族駐屯地,TRAITORs,,,,-,0,7,2026-08-17,resolved
370,2026-08-10,月,3B,アト農場,雪狼族,,,,-,0,7,2026-08-17,resolved
370,2026-08-10,月,2A,ベリア農場地帯,PONYTAIL,,,-,-,3,7,2026-08-17,resolved
370,2026-08-10,月,2B,ギュントの丘,UnityJP,,,-,-,4,7,2026-08-17,resolved
370,2026-08-10,月,2C,高原地帯,微笑Party,,,-,-,0,7,2026-08-17,resolved
370,2026-08-10,月,1A,隠遁の森,Revenant,,,統一,-,0,6,2026-08-16,resolved
370,2026-08-10,月,1B,エワズの丘,Orzeca,,,-,-,0,7,2026-08-17,resolved
370,2026-08-10,月,1C,廃城跡入り口,氣噗噗讓玻璃心碎一地,,,-,-,0,7,2026-08-17,resolved
370,2026-08-10,月,1D,カイア渡し場,黄昏のえりしおん,,,統一,-,0,6,2026-08-16,resolved
370,2026-08-10,月,1E,カズラ農場,Kopitiam,,,-,-,0,3,2026-08-13,resolved
373,2026-08-13,木,3A,北部大農場,RaиkSS,,,,-,#N/A,#N/A,#N/A,pending_or_error
373,2026-08-13,木,2A,トロル防御基地,xAEGISx,,,-,-,3,1,2026-08-14,resolved
373,2026-08-13,木,2B,隠された修道院,FLORISTS,,,統一,-,4,#N/A,#N/A,pending_or_error
373,2026-08-13,木,2C,マルニの第2実験場,PhoenixJP,,,-,-,#N/A,#N/A,#N/A,pending_or_error
373,2026-08-13,木,1A,アグリス平原,REGENCY彡,,,-,-,#N/A,#N/A,#N/A,pending_or_error
373,2026-08-13,木,1B,リンチ農場廃墟,一惡人谷一,,,-,-,#N/A,#N/A,#N/A,pending_or_error
373,2026-08-13,木,1C,ブレディー砦,Kopitiam,,,統一,-,3,#N/A,#N/A,pending_or_error
373,2026-08-13,木,1D,エントの森,一SUN一,,,-,-,#N/A,#N/A,#N/A,pending_or_error
373,2026-08-13,木,1E,クリオ村,PokemonGo,,,-,-,#N/A,#N/A,#N/A,pending_or_error
374,2026-08-14,金,3A,アグリス祭壇,・殺戮・,,,,-,#N/A,#N/A,#N/A,pending_or_error
374,2026-08-14,金,2A,ナーガ抽出場,MystSA,,,-,-,#N/A,#N/A,#N/A,pending_or_error
374,2026-08-14,金,2B,オークキャンプ,xAEGISx,,,-,-,#N/A,#N/A,#N/A,pending_or_error
374,2026-08-14,金,1A,北部採石場,ZirconiA,,,-,-,#N/A,#N/A,#N/A,pending_or_error
374,2026-08-14,金,1B,ハーピーの絶壁,シェイド,,,統一,-,1,#N/A,#N/A,pending_or_error
374,2026-08-14,金,1C,ブリの森,亗Luxúria亗,,,-,-,#N/A,#N/A,#N/A,pending_or_error
374,2026-08-14,金,1D,マンシャの森の奥,Döraêmön,,,統一,-,5,#N/A,#N/A,pending_or_error
374,2026-08-14,金,1E,廃鉄鉱山採掘場,Restart,,,-,-,#N/A,#N/A,#N/A,pending_or_error
376,2026-08-16,日,3A,デルニール農場,沙漠黑鷹,,,,-,0,#N/A,#N/A,pending_or_error
376,2026-08-16,日,2A,略奪の森,cobraXverse,,,-,-,3,#N/A,#N/A,pending_or_error
376,2026-08-16,日,2B,忘却の地,VainqueurJP,,,-,-,0,#N/A,#N/A,pending_or_error
376,2026-08-16,日,1A,ナーガ沼地,MelonEmpire,,,-,-,0,#N/A,#N/A,pending_or_error
376,2026-08-16,日,1B,旧ダンデリオン,ーArchー,,,-,-,0,#N/A,#N/A,pending_or_error
376,2026-08-16,日,1C,捨てられた地,Elemento,,,統一,-,0,#N/A,#N/A,pending_or_error
376,2026-08-16,日,1D,ベア川下流,黄昏のえりしおん,,,-,-,0,#N/A,#N/A,pending_or_error
376,2026-08-16,日,1E,アルティノ入り口,Revenant,,,統一,-,0,#N/A,#N/A,pending_or_error
